Date,Dorm,occupancy_rate,cancellation_rate,no_show_rate,Revenue,Daily Revenue,booked_dorms,booking_date,check_in,lead_time
2024-11-09,MaleDorm,1.0,0.0,0.0,599.0,599.0,4,2024-11-09,2024-11-09,0
2024-11-09,FemaleDorm,0.0,0.0,0.0,0.0,0.0,0,2024-11-09,2024-11-09,0
2024-11-09,MixedDorm,0.0,0.0,0.0,0.0,0.0,0,2024-11-09,2024-11-09,0
2024-11-10,MaleDorm,0.0,0.0,0.0,0.0,0.0,0,2024-11-10,2024-11-10,0
2024-11-10,FemaleDorm,0.0,0.0,0.0,0.0,0.0,0,2024-11-10,2024-11-10,0
2024-11-10,MixedDorm,0.0,0.0,0.0,0.0,0.0,0,2024-11-10,2024-11-10,0
2024-11-11,MaleDorm,0.25,0.0,0.0,599.0,599.0,1,2024-11-11,2024-11-11,0
2024-11-11,FemaleDorm,0.0,0.0,0.0,0.0,0.0,0,2024-11-11,2024-11-11,0
2024-11-11,MixedDorm,0.0,0.0,0.0,0.0,0.0,0,2024-11-11,2024-11-11,0
2024-11-12,MaleDorm,0.0,0.0,0.0,0.0,0.0,0,2024-11-12,2024-11-12,0
2024-11-12,FemaleDorm,0.5,0.0,0.0,1797.0,1797.0,2,2024-11-12,2024-11-12,0
2024-11-12,MixedDorm,0.0,0.0,0.0,0.0,0.0,0,2024-11-12,2024-11-12,0
2024-11-13,MaleDorm,1.0,0.0,0.0,4792.0,2396.0,4,2024-11-13,2024-11-13,0
2024-11-13,FemaleDorm,0.0,0.0,0.0,0.0,0.0,0,2024-11-13,2024-11-13,0
2024-11-13,MixedDorm,0.0,0.0,0.0,0.0,0.0,0,2024-11-13,2024-11-13,0
2024-11-14,MaleDorm,0.0,0.0,0.0,0.0,0.0,0,2024-11-14,2024-11-14,0
2024-11-14,FemaleDorm,0.0,1.0,0.0,0.0,0.0,0,2024-11-14,2024-11-14,0
2024-11-14,MixedDorm,0.0,0.0,0.0,0.0,0.0,0,2024-11-14,2024-11-14,0
2024-11-15,MaleDorm,0.25,0.0,0.0,599.0,599.0,1,2024-11-15,2024-11-15,0
2024-11-15,FemaleDorm,0.0,0.0,0.0,0.0,0.0,0,2024-11-15,2024-11-15,0
2024-11-15,MixedDorm,0.0,0.0,0.0,0.0,0.0,0,2024-11-15,2024-11-15,0
2024-11-16,MaleDorm,0.0,0.0,0.0,0.0,0.0,0,2024-11-16,2024-11-16,0
2024-11-16,FemaleDorm,0.0,0.0,0.0,0.0,0.0,0,2024-11-16,2024-11-16,0
2024-11-16,MixedDorm,0.0,0.0,0.0,0.0,0.0,0,2024-11-16,2024-11-16,0
2024-11-17,MaleDorm,0.5,0.0,0.0,1198.0,599.0,2,2024-11-17,2024-11-17,0
2024-11-17,FemaleDorm,0.0,0.0,0.0,0.0,0.0,0,2024-11-17,2024-11-17,0
2024-11-17,MixedDorm,0.0,0.0,0.0,0.0,0.0,0,2024-11-17,2024-11-17,0
2024-11-18,MaleDorm,1.0,0.0,0.0,2400.0,2400.0,6,2024-11-18,2024-11-18,0
2024-11-18,FemaleDorm,1.0,0.0,0.0,2400.0,2400.0,6,2024-11-18,2024-11-18,0
2024-11-18,MixedDorm,0.5,0.0,0.0,800.0,400.0,2,2024-11-18,2024-11-18,0
2024-11-19,MaleDorm,0.25,0.5,0.0,400.0,400.0,1,2024-11-19,2024-11-19,0
2024-11-19,FemaleDorm,0.0,0.0,0.0,0.0,0.0,0,2024-11-19,2024-11-19,0
2024-11-19,MixedDorm,0.0,0.0,0.0,0.0,0.0,0,2024-11-19,2024-11-19,0
2024-11-20,MaleDorm,0.0,0.0,0.0,0.0,0.0,0,2024-11-20,2024-11-20,0
2024-11-20,FemaleDorm,0.0,0.0,0.0,0.0,0.0,0,2024-11-20,2024-11-20,0
2024-11-20,MixedDorm,0.25,0.0,0.0,400.0,400.0,1,2024-11-20,2024-11-20,0
2024-11-21,MaleDorm,0.5,0.0,0.0,1600.0,400.0,2,2024-11-21,2024-11-21,0
2024-11-21,FemaleDorm,0.0,0.0,0.0,0.0,0.0,0,2024-11-21,2024-11-21,0
2024-11-21,MixedDorm,0.25,0.0,0.0,400.0,400.0,1,2024-11-21,2024-11-21,0
2024-11-22,MaleDorm,1.0,0.3333333333333333,0.0,2800.0,400.0,4,2024-11-22,2024-11-22,0
2024-11-22,FemaleDorm,0.5,0.0,0.0,1799.0,449.75,2,2024-11-22,2024-11-22,0
2024-11-22,MixedDorm,1.0,0.0,0.0,1600.0,533.3333333333334,4,2024-11-22,2024-11-22,0
2024-11-23,MaleDorm,1.0,0.0,0.0,2000.0,400.0,4,2024-11-23,2024-11-23,0
2024-11-23,FemaleDorm,0.25,0.0,0.0,1399.0,466.3333333333333,1,2024-11-23,2024-11-23,0
2024-11-23,MixedDorm,0.0,0.0,0.0,0.0,0.0,0,2024-11-23,2024-11-23,0
2024-11-24,MaleDorm,0.0,0.0,0.0,0.0,0.0,0,2024-11-24,2024-11-24,0
2024-11-24,FemaleDorm,0.25,0.0,0.0,1399.0,466.3333333333333,1,2024-11-24,2024-11-24,0
2024-11-24,MixedDorm,0.0,0.0,0.0,0.0,0.0,0,2024-11-24,2024-11-24,0
2024-11-25,MaleDorm,0.0,0.0,0.0,0.0,0.0,0,2024-11-25,2024-11-25,0
2024-11-25,FemaleDorm,0.0,0.0,0.0,0.0,0.0,0,2024-11-25,2024-11-25,0
2024-11-25,MixedDorm,0.0,0.0,0.0,0.0,0.0,0,2024-11-25,2024-11-25,0
2024-11-26,MaleDorm,0.0,0.0,1.0,0.0,0.0,0,2024-11-26,2024-11-26,0
2024-11-26,FemaleDorm,0.0,0.0,0.0,0.0,0.0,0,2024-11-26,2024-11-26,0
2024-11-26,MixedDorm,0.0,0.0,0.0,0.0,0.0,0,2024-11-26,2024-11-26,0
2024-11-27,MaleDorm,0.0,0.0,0.0,0.0,0.0,0,2024-11-27,2024-11-27,0
2024-11-27,FemaleDorm,0.25,0.0,0.0,399.0,399.0,1,2024-11-27,2024-11-27,0
2024-11-27,MixedDorm,0.0,0.0,0.0,0.0,0.0,0,2024-11-27,2024-11-27,0
2024-11-28,MaleDorm,0.0,0.0,0.0,0.0,0.0,0,2024-11-28,2024-11-28,0
2024-11-28,FemaleDorm,0.0,0.0,0.0,0.0,0.0,0,2024-11-28,2024-11-28,0
2024-11-28,MixedDorm,0.0,0.0,0.0,0.0,0.0,0,2024-11-28,2024-11-28,0
2024-11-29,MaleDorm,0.75,0.0,0.0,3194.0,1597.0,3,2024-11-29,2024-11-29,0
2024-11-29,FemaleDorm,0.0,0.0,1.0,0.0,0.0,0,2024-11-29,2024-11-29,0
2024-11-29,MixedDorm,0.0,0.0,0.0,0.0,0.0,0,2024-11-29,2024-11-29,0
2024-11-30,MaleDorm,0.75,0.0,0.0,3194.0,1597.0,3,2024-11-30,2024-11-30,0
2024-11-30,FemaleDorm,0.0,0.0,0.0,0.0,0.0,0,2024-11-30,2024-11-30,0
2024-11-30,MixedDorm,0.25,0.0,0.0,399.0,399.0,1,2024-11-30,2024-11-30,0
2024-12-01,MaleDorm,0.0,0.0,0.0,0.0,0.0,0,2024-12-01,2024-12-01,0
2024-12-01,FemaleDorm,0.0,1.0,0.0,0.0,0.0,0,2024-12-01,2024-12-01,0
2024-12-01,MixedDorm,0.0,0.0,0.0,0.0,0.0,0,2024-12-01,2024-12-01,0
2024-12-02,MaleDorm,0.25,0.0,0.0,1797.0,599.0,1,2024-12-02,2024-12-02,0
2024-12-02,FemaleDorm,0.0,0.0,1.0,0.0,0.0,0,2024-12-02,2024-12-02,0
2024-12-02,MixedDorm,0.0,0.0,0.0,0.0,0.0,0,2024-12-02,2024-12-02,0
2024-12-03,MaleDorm,0.5,0.0,0.3333333333333333,2995.0,599.0,2,2024-12-03,2024-12-03,0
2024-12-03,FemaleDorm,0.0,0.0,0.0,0.0,0.0,0,2024-12-03,2024-12-03,0
2024-12-03,MixedDorm,0.0,0.0,0.0,0.0,0.0,0,2024-12-03,2024-12-03,0
2024-12-04,MaleDorm,0.5,0.0,0.0,2995.0,599.0,2,2024-12-04,2024-12-04,0
2024-12-04,FemaleDorm,0.0,0.0,1.0,0.0,0.0,0,2024-12-04,2024-12-04,0
2024-12-04,MixedDorm,0.0,0.0,0.0,0.0,0.0,0,2024-12-04,2024-12-04,0
2024-12-05,MaleDorm,0.0,0.0,0.0,0.0,0.0,0,2024-12-05,2024-12-05,0
2024-12-05,FemaleDorm,0.0,0.0,0.0,0.0,0.0,0,2024-12-05,2024-12-05,0
2024-12-05,MixedDorm,0.0,0.0,0.0,0.0,0.0,0,2024-12-05,2024-12-05,0
2024-12-06,MaleDorm,0.25,0.0,0.5,449.25,449.25,1,2024-12-06,2024-12-06,0
2024-12-06,FemaleDorm,0.5,0.0,0.0,853.5799999999999,426.78999999999996,2,2024-12-06,2024-12-06,0
2024-12-06,MixedDorm,0.0,0.0,0.0,0.0,0.0,0,2024-12-06,2024-12-06,0
2024-12-07,MaleDorm,0.25,0.0,0.5,898.5,449.25,1,2024-12-07,2024-12-07,0
2024-12-07,FemaleDorm,0.0,0.0,0.0,0.0,0.0,0,2024-12-07,2024-12-07,0
2024-12-07,MixedDorm,0.25,0.0,0.5,1048.5,524.25,1,2024-12-07,2024-12-07,0
2024-12-08,MaleDorm,0.5,0.0,0.6666666666666666,1347.75,449.25,2,2024-12-08,2024-12-08,0
2024-12-08,FemaleDorm,0.0,0.0,1.0,0.0,0.0,0,2024-12-08,2024-12-08,0
2024-12-08,MixedDorm,0.25,0.0,0.0,1048.5,524.25,1,2024-12-08,2024-12-08,0
2024-12-09,MaleDorm,0.5,0.0,0.0,898.5,898.5,2,2024-12-09,2024-12-09,0
2024-12-09,FemaleDorm,0.25,0.0,0.0,808.66,404.33,1,2024-12-09,2024-12-09,0
2024-12-09,MixedDorm,0.0,0.0,0.0,0.0,0.0,0,2024-12-09,2024-12-09,0
2024-12-10,MaleDorm,0.5,0.0,0.0,898.5,449.25,2,2024-12-10,2024-12-10,0
2024-12-10,FemaleDorm,0.25,0.0,0.0,808.66,404.33,1,2024-12-10,2024-12-10,0
2024-12-10,MixedDorm,0.0,1.0,0.0,0.0,0.0,0,2024-12-10,2024-12-10,0
2024-12-11,MaleDorm,0.5,0.8571428571428571,0.0,1557.4,778.7,2,2024-12-11,2024-12-11,0
2024-12-11,FemaleDorm,0.5,0.8571428571428571,0.0,1302.83,434.27666666666664,2,2024-12-11,2024-12-11,0
2024-12-11,MixedDorm,0.0,1.0,0.0,0.0,0.0,0,2024-12-11,2024-12-11,0
2024-12-12,MaleDorm,0.5,0.0,0.0,1557.4,778.7,2,2024-12-12,2024-12-12,0
2024-12-12,FemaleDorm,0.25,0.0,0.0,898.5,449.25,1,2024-12-12,2024-12-12,0
2024-12-12,MixedDorm,0.25,0.0,0.0,471.83,471.83,1,2024-12-12,2024-12-12,0
2024-12-13,MaleDorm,1.0,0.0,0.5454545454545454,4941.75,1235.4375,5,2024-12-13,2024-12-13,0
2024-12-13,FemaleDorm,0.0,1.0,1.0,0.0,0.0,0,2024-12-13,2024-12-13,0
2024-12-13,MixedDorm,0.25,0.0,0.0,599.0,599.0,1,2024-12-13,2024-12-13,0
2024-12-14,MaleDorm,1.0,0.0,0.0,6289.5,786.1875,7,2024-12-14,2024-12-14,0
2024-12-14,FemaleDorm,0.0,1.0,1.0,0.0,0.0,0,2024-12-14,2024-12-14,0
2024-12-14,MixedDorm,0.75,0.0,0.0,1168.25,1168.25,3,2024-12-14,2024-12-14,0
2024-12-15,MaleDorm,1.0,0.2,0.0,4941.75,988.35,4,2024-12-15,2024-12-15,0
2024-12-15,FemaleDorm,0.0,0.0,1.0,0.0,0.0,0,2024-12-15,2024-12-15,0
2024-12-15,MixedDorm,0.75,0.0,0.0,1347.98,1347.98,3,2024-12-15,2024-12-15,0
2024-12-16,MaleDorm,0.5,0.3333333333333333,0.5,750.0,375.0,2,2024-12-16,2024-12-16,0
2024-12-16,FemaleDorm,0.25,0.9166666666666666,0.0,404.33,404.33,1,2024-12-16,2024-12-16,0
2024-12-16,MixedDorm,0.25,0.5,0.0,404.33,404.33,1,2024-12-16,2024-12-16,0
2024-12-17,MaleDorm,0.5,0.0,0.5,3000.0,750.0,2,2024-12-17,2024-12-17,0
2024-12-17,FemaleDorm,0.0,1.0,0.0,0.0,0.0,0,2024-12-17,2024-12-17,0
2024-12-17,MixedDorm,0.25,0.0,0.0,898.5,449.25,1,2024-12-17,2024-12-17,0
2024-12-18,MaleDorm,0.5,0.0,0.0,3000.0,750.0,2,2024-12-18,2024-12-18,0
2024-12-18,FemaleDorm,0.25,0.0,0.0,1198.0,599.0,1,2024-12-18,2024-12-18,0
2024-12-18,MixedDorm,0.25,0.0,0.0,898.5,449.25,1,2024-12-18,2024-12-18,0
2024-12-19,MaleDorm,1.0,0.3333333333333333,0.0,6114.8,1019.1333333333333,6,2024-12-19,2024-12-19,0
2024-12-19,FemaleDorm,0.75,0.7,0.4,2006.65,668.8833333333333,3,2024-12-19,2024-12-19,0
2024-12-19,MixedDorm,0.75,0.0,0.0,1497.0,1497.0,3,2024-12-19,2024-12-19,0
2024-12-20,MaleDorm,1.0,0.4,0.0,6114.8,1019.1333333333333,6,2024-12-20,2024-12-20,0
2024-12-20,FemaleDorm,0.0,1.0,0.0,0.0,0.0,0,2024-12-20,2024-12-20,0
2024-12-20,MixedDorm,0.0,0.0,1.0,0.0,0.0,0,2024-12-20,2024-12-20,0
2024-12-21,MaleDorm,0.0,1.0,1.0,0.0,0.0,0,2024-12-21,2024-12-21,0
2024-12-21,FemaleDorm,0.0,1.0,0.0,0.0,0.0,0,2024-12-21,2024-12-21,0
2024-12-21,MixedDorm,0.0,0.0,0.0,0.0,0.0,0,2024-12-21,2024-12-21,0
2024-12-22,MaleDorm,0.5,0.5,0.0,2395.0,598.75,2,2024-12-22,2024-12-22,0
2024-12-22,FemaleDorm,1.0,0.5454545454545454,0.2857142857142857,5391.0,2695.5,5,2024-12-22,2024-12-22,0
2024-12-22,MixedDorm,1.0,0.0,0.0,5391.0,2695.5,5,2024-12-22,2024-12-22,0
2024-12-23,MaleDorm,0.25,0.0,0.6666666666666666,1797.0,599.0,1,2024-12-23,2024-12-23,0
2024-12-23,FemaleDorm,1.0,0.0,0.5833333333333334,5391.0,2695.5,5,2024-12-23,2024-12-23,0
2024-12-23,MixedDorm,1.0,0.16666666666666666,0.0,5391.0,2695.5,5,2024-12-23,2024-12-23,0
2024-12-24,MaleDorm,0.5,0.0,0.8,2993.0,598.6,2,2024-12-24,2024-12-24,0
2024-12-24,FemaleDorm,0.75,0.4,0.0,4851.9,1617.3,3,2024-12-24,2024-12-24,0
2024-12-24,MixedDorm,0.5,0.7777777777777778,0.0,1167.3,1167.3,2,2024-12-24,2024-12-24,0
2024-12-25,MaleDorm,1.0,0.0,0.0,4788.0,798.0,6,2024-12-25,2024-12-25,0
2024-12-25,FemaleDorm,1.0,0.2857142857142857,0.2857142857142857,7008.299999999999,1401.6599999999999,5,2024-12-25,2024-12-25,0
2024-12-25,MixedDorm,0.5,0.3333333333333333,0.0,1168.2,1168.2,2,2024-12-25,2024-12-25,0
2024-12-26,MaleDorm,0.5,0.875,0.0,1796.0,598.6666666666666,2,2024-12-26,2024-12-26,0
2024-12-26,FemaleDorm,1.0,0.2857142857142857,0.2857142857142857,7008.299999999999,1401.6599999999999,5,2024-12-26,2024-12-26,0
2024-12-26,MixedDorm,0.75,0.25,0.0,1997.0,1997.0,3,2024-12-26,2024-12-26,0
2024-12-27,MaleDorm,0.5,0.9130434782608695,0.6,1196.0,598.0,2,2024-12-27,2024-12-27,0
2024-12-27,FemaleDorm,0.5,0.0,0.3333333333333333,1736.2,578.7333333333333,2,2024-12-27,2024-12-27,0
2024-12-27,MixedDorm,0.0,0.0,1.0,0.0,0.0,0,2024-12-27,2024-12-27,0
2024-12-28,MaleDorm,0.5,0.875,0.0,4792.0,1198.0,2,2024-12-28,2024-12-28,0
2024-12-28,FemaleDorm,0.75,0.0,0.0,2275.3,758.4333333333334,3,2024-12-28,2024-12-28,0
2024-12-28,MixedDorm,0.0,0.0,0.0,0.0,0.0,0,2024-12-28,2024-12-28,0
2024-12-29,MaleDorm,0.5,0.8947368421052632,0.7142857142857143,4792.0,1198.0,2,2024-12-29,2024-12-29,0
2024-12-29,FemaleDorm,0.0,0.0,1.0,0.0,0.0,0,2024-12-29,2024-12-29,0
2024-12-29,MixedDorm,0.0,0.0,0.0,0.0,0.0,0,2024-12-29,2024-12-29,0
2024-12-30,MaleDorm,1.0,0.26666666666666666,0.0,13174.0,1317.4,11,2024-12-30,2024-12-30,0
2024-12-30,FemaleDorm,1.0,0.0,0.0,3594.0,898.5,9,2024-12-30,2024-12-30,0
2024-12-30,MixedDorm,0.75,0.0,0.0,1796.4,1796.4,3,2024-12-30,2024-12-30,0
2024-12-31,MaleDorm,1.0,0.45454545454545453,0.2,16650.2,1665.02,12,2024-12-31,2024-12-31,0
2024-12-31,FemaleDorm,1.0,0.0,0.0,3594.0,898.5,9,2024-12-31,2024-12-31,0
2024-12-31,MixedDorm,1.0,0.0,0.0,5870.2,2935.1,5,2024-12-31,2024-12-31,0
2025-01-01,MaleDorm,1.0,0.16666666666666666,0.16666666666666666,5870.2,2935.1,5,2025-01-01,2025-01-01,0
2025-01-01,FemaleDorm,0.0,1.0,1.0,0.0,0.0,0,2025-01-01,2025-01-01,0
2025-01-01,MixedDorm,1.0,0.0,0.0,5870.2,2935.1,5,2025-01-01,2025-01-01,0
2025-01-02,MaleDorm,0.25,0.5,0.0,1794.0,598.0,1,2025-01-02,2025-01-02,0
2025-01-02,FemaleDorm,0.0,1.0,0.0,0.0,0.0,0,2025-01-02,2025-01-02,0
2025-01-02,MixedDorm,0.0,1.0,0.0,0.0,0.0,0,2025-01-02,2025-01-02,0
2025-01-03,MaleDorm,0.25,0.0,0.0,1794.0,598.0,1,2025-01-03,2025-01-03,0
2025-01-03,FemaleDorm,0.0,1.0,0.0,0.0,0.0,0,2025-01-03,2025-01-03,0
2025-01-03,MixedDorm,0.0,1.0,1.0,0.0,0.0,0,2025-01-03,2025-01-03,0
2025-01-04,MaleDorm,0.25,0.0,0.0,1794.0,598.0,1,2025-01-04,2025-01-04,0
2025-01-04,FemaleDorm,0.0,1.0,0.0,0.0,0.0,0,2025-01-04,2025-01-04,0
2025-01-04,MixedDorm,0.0,0.0,0.0,0.0,0.0,0,2025-01-04,2025-01-04,0
2025-01-05,MaleDorm,0.25,0.0,0.0,1347.0,449.0,1,2025-01-05,2025-01-05,0
2025-01-05,FemaleDorm,0.0,0.0,1.0,0.0,0.0,0,2025-01-05,2025-01-05,0
2025-01-05,MixedDorm,0.0,0.0,0.0,0.0,0.0,0,2025-01-05,2025-01-05,0
2025-01-06,MaleDorm,0.25,0.0,0.0,1347.0,449.0,1,2025-01-06,2025-01-06,0
2025-01-06,FemaleDorm,0.0,0.0,0.0,0.0,0.0,0,2025-01-06,2025-01-06,0
2025-01-06,MixedDorm,0.0,0.0,0.0,0.0,0.0,0,2025-01-06,2025-01-06,0
2025-01-07,MaleDorm,0.25,0.0,0.0,1347.0,449.0,1,2025-01-07,2025-01-07,0
2025-01-07,FemaleDorm,0.0,1.0,0.0,0.0,0.0,0,2025-01-07,2025-01-07,0
2025-01-07,MixedDorm,0.25,0.0,0.0,585.0,585.0,1,2025-01-07,2025-01-07,0
2025-01-08,MaleDorm,0.0,0.0,0.0,0.0,0.0,0,2025-01-08,2025-01-08,0
2025-01-08,FemaleDorm,0.25,0.8,0.0,495.0,495.0,1,2025-01-08,2025-01-08,0
2025-01-08,MixedDorm,0.0,0.0,1.0,0.0,0.0,0,2025-01-08,2025-01-08,0
2025-01-09,MaleDorm,0.0,1.0,1.0,0.0,0.0,0,2025-01-09,2025-01-09,0
2025-01-09,FemaleDorm,0.0,1.0,0.0,0.0,0.0,0,2025-01-09,2025-01-09,0
2025-01-09,MixedDorm,0.25,0.0,0.0,1884.6,628.1999999999999,1,2025-01-09,2025-01-09,0
2025-01-10,MaleDorm,0.0,0.0,1.0,0.0,0.0,0,2025-01-10,2025-01-10,0
2025-01-10,FemaleDorm,0.0,0.0,0.0,0.0,0.0,0,2025-01-10,2025-01-10,0
2025-01-10,MixedDorm,0.25,0.0,0.0,1884.6,628.1999999999999,1,2025-01-10,2025-01-10,0
2025-01-11,MaleDorm,0.25,0.0,0.5,550.0,550.0,1,2025-01-11,2025-01-11,0
2025-01-11,FemaleDorm,0.0,0.0,0.0,0.0,0.0,0,2025-01-11,2025-01-11,0
2025-01-11,MixedDorm,0.25,0.0,0.0,1884.6,628.1999999999999,1,2025-01-11,2025-01-11,0
2025-01-12,MaleDorm,0.0,0.0,0.0,0.0,0.0,0,2025-01-12,2025-01-12,0
2025-01-12,FemaleDorm,0.0,0.0,0.0,0.0,0.0,0,2025-01-12,2025-01-12,0
2025-01-12,MixedDorm,0.0,0.0,0.0,0.0,0.0,0,2025-01-12,2025-01-12,0
2025-01-13,MaleDorm,1.0,0.0,0.16666666666666666,3022.3,3022.3,5,2025-01-13,2025-01-13,0
2025-01-13,FemaleDorm,0.0,0.0,0.0,0.0,0.0,0,2025-01-13,2025-01-13,0
2025-01-13,MixedDorm,1.0,0.0,0.0,3022.3,3022.3,5,2025-01-13,2025-01-13,0
2025-01-14,MaleDorm,0.0,0.0,0.0,0.0,0.0,0,2025-01-14,2025-01-14,0
2025-01-14,FemaleDorm,0.25,0.5,0.0,495.0,495.0,1,2025-01-14,2025-01-14,0
2025-01-14,MixedDorm,0.0,0.0,0.0,0.0,0.0,0,2025-01-14,2025-01-14,0
2025-01-15,MaleDorm,0.0,0.0,0.0,0.0,0.0,0,2025-01-15,2025-01-15,0
2025-01-15,FemaleDorm,0.0,1.0,0.0,0.0,0.0,0,2025-01-15,2025-01-15,0
2025-01-15,MixedDorm,0.0,0.0,0.0,0.0,0.0,0,2025-01-15,2025-01-15,0
2025-01-16,MaleDorm,0.0,0.0,0.0,0.0,0.0,0,2025-01-16,2025-01-16,0
2025-01-16,FemaleDorm,0.0,1.0,0.0,0.0,0.0,0,2025-01-16,2025-01-16,0
2025-01-16,MixedDorm,0.0,0.0,0.0,0.0,0.0,0,2025-01-16,2025-01-16,0
2025-01-17,MaleDorm,0.0,0.0,0.0,0.0,0.0,0,2025-01-17,2025-01-17,0
2025-01-17,FemaleDorm,0.0,0.0,0.0,0.0,0.0,0,2025-01-17,2025-01-17,0
2025-01-17,MixedDorm,0.0,0.0,0.0,0.0,0.0,0,2025-01-17,2025-01-17,0
2025-01-18,MaleDorm,0.0,0.0,0.0,0.0,0.0,0,2025-01-18,2025-01-18,0
2025-01-18,FemaleDorm,0.25,0.0,0.0,1485.0,495.0,1,2025-01-18,2025-01-18,0
2025-01-18,MixedDorm,0.0,1.0,0.0,0.0,0.0,0,2025-01-18,2025-01-18,0
2025-01-19,MaleDorm,0.5,0.0,0.0,2200.0,550.0,2,2025-01-19,2025-01-19,0
2025-01-19,FemaleDorm,0.25,0.0,0.0,1485.0,495.0,1,2025-01-19,2025-01-19,0
2025-01-19,MixedDorm,0.0,1.0,1.0,0.0,0.0,0,2025-01-19,2025-01-19,0
2025-01-20,MaleDorm,0.5,0.0,0.3333333333333333,2200.0,550.0,2,2025-01-20,2025-01-20,0
2025-01-20,FemaleDorm,0.25,0.0,0.0,1485.0,495.0,1,2025-01-20,2025-01-20,0
2025-01-20,MixedDorm,0.0,0.0,0.0,0.0,0.0,0,2025-01-20,2025-01-20,0
2025-01-21,MaleDorm,0.5,0.0,0.0,3300.0,550.0,2,2025-01-21,2025-01-21,0
2025-01-21,FemaleDorm,0.0,0.0,0.0,0.0,0.0,0,2025-01-21,2025-01-21,0
2025-01-21,MixedDorm,0.0,0.0,0.0,0.0,0.0,0,2025-01-21,2025-01-21,0
2025-01-22,MaleDorm,0.25,0.0,0.0,1650.0,550.0,1,2025-01-22,2025-01-22,0
2025-01-22,FemaleDorm,0.0,1.0,0.0,0.0,0.0,0,2025-01-22,2025-01-22,0
2025-01-22,MixedDorm,0.25,0.0,0.0,6821.1,620.1,1,2025-01-22,2025-01-22,0
2025-01-23,MaleDorm,0.25,0.0,0.5,1650.0,550.0,1,2025-01-23,2025-01-23,0
2025-01-23,FemaleDorm,0.0,1.0,1.0,0.0,0.0,0,2025-01-23,2025-01-23,0
2025-01-23,MixedDorm,0.25,0.0,0.0,6821.1,620.1,1,2025-01-23,2025-01-23,0
2025-01-24,MaleDorm,0.0,0.0,0.0,0.0,0.0,0,2025-01-24,2025-01-24,0
2025-01-24,FemaleDorm,0.0,1.0,0.0,0.0,0.0,0,2025-01-24,2025-01-24,0
2025-01-24,MixedDorm,0.25,0.0,0.0,6821.1,620.1,1,2025-01-24,2025-01-24,0
2025-01-25,MaleDorm,0.0,0.0,0.0,0.0,0.0,0,2025-01-25,2025-01-25,0
2025-01-25,FemaleDorm,0.0,0.0,1.0,0.0,0.0,0,2025-01-25,2025-01-25,0
2025-01-25,MixedDorm,0.25,0.0,0.0,6821.1,620.1,1,2025-01-25,2025-01-25,0
2025-01-26,MaleDorm,0.25,0.0,0.0,1100.0,550.0,1,2025-01-26,2025-01-26,0
2025-01-26,FemaleDorm,0.0,0.0,0.0,0.0,0.0,0,2025-01-26,2025-01-26,0
2025-01-26,MixedDorm,0.25,0.0,0.0,6821.1,620.1,1,2025-01-26,2025-01-26,0
2025-01-27,MaleDorm,1.0,0.0,0.0,4095.0,1365.0,6,2025-01-27,2025-01-27,0
2025-01-27,FemaleDorm,0.0,0.0,1.0,0.0,0.0,0,2025-01-27,2025-01-27,0
2025-01-27,MixedDorm,0.25,0.0,0.0,6821.1,620.1,1,2025-01-27,2025-01-27,0
2025-01-28,MaleDorm,0.25,0.0,0.5,1100.0,550.0,1,2025-01-28,2025-01-28,0
2025-01-28,FemaleDorm,0.0,0.0,0.0,0.0,0.0,0,2025-01-28,2025-01-28,0
2025-01-28,MixedDorm,0.25,0.0,0.0,6821.1,620.1,1,2025-01-28,2025-01-28,0
2025-01-29,MaleDorm,0.25,0.0,0.0,1100.0,550.0,1,2025-01-29,2025-01-29,0
2025-01-29,FemaleDorm,0.25,0.0,0.0,1614.6,538.1999999999999,1,2025-01-29,2025-01-29,0
2025-01-29,MixedDorm,0.25,0.0,0.0,6821.1,620.1,1,2025-01-29,2025-01-29,0
2025-01-30,MaleDorm,0.25,0.0,0.0,1600.0,533.3333333333334,1,2025-01-30,2025-01-30,0
2025-01-30,FemaleDorm,0.25,0.5,0.0,1614.6,538.1999999999999,1,2025-01-30,2025-01-30,0
2025-01-30,MixedDorm,0.25,0.0,0.0,6821.1,620.1,1,2025-01-30,2025-01-30,0
2025-01-31,MaleDorm,0.25,0.0,0.0,1600.0,533.3333333333334,1,2025-01-31,2025-01-31,0
2025-01-31,FemaleDorm,0.25,0.5,0.0,1614.6,538.1999999999999,1,2025-01-31,2025-01-31,0
2025-01-31,MixedDorm,0.25,0.0,0.0,6821.1,620.1,1,2025-01-31,2025-01-31,0
2025-02-01,MaleDorm,0.25,0.0,0.0,1600.0,533.3333333333334,1,2025-02-01,2025-02-01,0
2025-02-01,FemaleDorm,0.0,0.0,0.0,0.0,0.0,0,2025-02-01,2025-02-01,0
2025-02-01,MixedDorm,0.25,0.0,0.0,6821.1,620.1,1,2025-02-01,2025-02-01,0
2025-02-02,MaleDorm,0.0,0.0,0.0,0.0,0.0,0,2025-02-02,2025-02-02,0
2025-02-02,FemaleDorm,0.0,0.0,0.0,0.0,0.0,0,2025-02-02,2025-02-02,0
2025-02-02,MixedDorm,0.0,0.0,0.0,0.0,0.0,0,2025-02-02,2025-02-02,0
2025-02-03,MaleDorm,0.0,0.0,1.0,0.0,0.0,0,2025-02-03,2025-02-03,0
2025-02-03,FemaleDorm,0.25,0.0,0.0,1078.2,539.1,1,2025-02-03,2025-02-03,0
2025-02-03,MixedDorm,0.0,0.0,0.0,0.0,0.0,0,2025-02-03,2025-02-03,0
2025-02-04,MaleDorm,0.0,0.0,0.0,0.0,0.0,0,2025-02-04,2025-02-04,0
2025-02-04,FemaleDorm,0.25,0.0,0.0,1078.2,539.1,1,2025-02-04,2025-02-04,0
2025-02-04,MixedDorm,0.0,0.0,0.0,0.0,0.0,0,2025-02-04,2025-02-04,0
2025-02-05,MaleDorm,0.25,0.0,0.0,500.0,500.0,1,2025-02-05,2025-02-05,0
2025-02-05,FemaleDorm,0.0,1.0,0.0,0.0,0.0,0,2025-02-05,2025-02-05,0
2025-02-05,MixedDorm,0.0,0.0,0.0,0.0,0.0,0,2025-02-05,2025-02-05,0
2025-02-06,MaleDorm,0.25,0.6666666666666666,0.0,1000.0,500.0,1,2025-02-06,2025-02-06,0
2025-02-06,FemaleDorm,0.5,0.5,0.0,3231.9,1077.3,2,2025-02-06,2025-02-06,0
2025-02-06,MixedDorm,0.0,0.0,0.0,0.0,0.0,0,2025-02-06,2025-02-06,0
2025-02-07,MaleDorm,0.5,0.5,0.3333333333333333,2000.0,500.0,2,2025-02-07,2025-02-07,0
2025-02-07,FemaleDorm,0.5,0.6,0.0,3231.9,1077.3,2,2025-02-07,2025-02-07,0
2025-02-07,MixedDorm,0.0,0.0,0.0,0.0,0.0,0,2025-02-07,2025-02-07,0
2025-02-08,MaleDorm,0.5,0.3333333333333333,0.3333333333333333,3396.0,566.0,2,2025-02-08,2025-02-08,0
2025-02-08,FemaleDorm,0.5,0.3333333333333333,0.0,3231.9,1077.3,2,2025-02-08,2025-02-08,0
2025-02-08,MixedDorm,0.0,1.0,1.0,0.0,0.0,0,2025-02-08,2025-02-08,0
2025-02-09,MaleDorm,0.25,0.5,0.0,2396.0,599.0,1,2025-02-09,2025-02-09,0
2025-02-09,FemaleDorm,1.0,0.0,0.0,4491.0,2245.5,4,2025-02-09,2025-02-09,0
2025-02-09,MixedDorm,1.0,0.2,0.0,4491.0,2245.5,4,2025-02-09,2025-02-09,0
2025-02-10,MaleDorm,0.25,0.0,0.0,2396.0,599.0,1,2025-02-10,2025-02-10,0
2025-02-10,FemaleDorm,1.0,0.0,0.0,4491.0,2245.5,4,2025-02-10,2025-02-10,0
2025-02-10,MixedDorm,1.0,0.2,0.0,4491.0,2245.5,4,2025-02-10,2025-02-10,0
2025-02-11,MaleDorm,0.25,0.0,0.0,2396.0,599.0,1,2025-02-11,2025-02-11,0
2025-02-11,FemaleDorm,0.0,0.0,0.0,0.0,0.0,0,2025-02-11,2025-02-11,0
2025-02-11,MixedDorm,0.0,0.0,0.0,0.0,0.0,0,2025-02-11,2025-02-11,0
2025-02-12,MaleDorm,0.0,0.0,0.0,0.0,0.0,0,2025-02-12,2025-02-12,0
2025-02-12,FemaleDorm,0.0,0.0,0.0,0.0,0.0,0,2025-02-12,2025-02-12,0
2025-02-12,MixedDorm,0.0,0.0,0.0,0.0,0.0,0,2025-02-12,2025-02-12,0
2025-02-13,MaleDorm,0.25,0.5,0.0,598.0,598.0,1,2025-02-13,2025-02-13,0
2025-02-13,FemaleDorm,0.25,0.0,0.0,450.0,450.0,1,2025-02-13,2025-02-13,0
2025-02-13,MixedDorm,0.25,0.0,0.0,628.2,628.2,1,2025-02-13,2025-02-13,0
2025-02-14,MaleDorm,0.0,1.0,0.0,0.0,0.0,0,2025-02-14,2025-02-14,0
2025-02-14,FemaleDorm,0.0,0.0,1.0,0.0,0.0,0,2025-02-14,2025-02-14,0
2025-02-14,MixedDorm,0.0,0.0,0.0,0.0,0.0,0,2025-02-14,2025-02-14,0
2025-02-15,MaleDorm,0.25,0.5,0.5,479.2,479.2,1,2025-02-15,2025-02-15,0
2025-02-15,FemaleDorm,0.0,0.0,0.0,0.0,0.0,0,2025-02-15,2025-02-15,0
2025-02-15,MixedDorm,0.25,0.0,0.0,502.56,502.56,1,2025-02-15,2025-02-15,0
2025-02-16,MaleDorm,0.0,0.0,0.0,0.0,0.0,0,2025-02-16,2025-02-16,0
2025-02-16,FemaleDorm,0.25,0.0,0.0,900.0,450.0,1,2025-02-16,2025-02-16,0
2025-02-16,MixedDorm,0.25,0.0,0.0,1005.12,502.56,1,2025-02-16,2025-02-16,0
2025-02-17,MaleDorm,0.0,0.0,0.0,0.0,0.0,0,2025-02-17,2025-02-17,0
2025-02-17,FemaleDorm,0.25,0.0,0.0,900.0,450.0,1,2025-02-17,2025-02-17,0
2025-02-17,MixedDorm,0.25,0.0,0.0,1005.12,502.56,1,2025-02-17,2025-02-17,0
2025-02-18,MaleDorm,0.25,0.0,0.0,478.4,478.4,1,2025-02-18,2025-02-18,0
2025-02-18,FemaleDorm,0.0,0.0,0.0,0.0,0.0,0,2025-02-18,2025-02-18,0
2025-02-18,MixedDorm,0.0,0.0,0.0,0.0,0.0,0,2025-02-18,2025-02-18,0
2025-02-19,MaleDorm,0.25,0.0,0.5,1166.1,388.7,1,2025-02-19,2025-02-19,0
2025-02-19,FemaleDorm,0.0,0.0,0.0,0.0,0.0,0,2025-02-19,2025-02-19,0
2025-02-19,MixedDorm,0.0,0.0,0.0,0.0,0.0,0,2025-02-19,2025-02-19,0
2025-02-20,MaleDorm,0.75,0.0,0.25,2076.58,519.145,3,2025-02-20,2025-02-20,0
2025-02-20,FemaleDorm,0.5,0.0,0.0,910.48,910.48,2,2025-02-20,2025-02-20,0
2025-02-20,MixedDorm,0.25,0.0,0.0,502.56,502.56,1,2025-02-20,2025-02-20,0
2025-02-21,MaleDorm,0.5,0.7142857142857143,0.0,1645.3,411.325,2,2025-02-21,2025-02-21,0
2025-02-21,FemaleDorm,0.25,0.0,0.0,700.84,350.42,1,2025-02-21,2025-02-21,0
2025-02-21,MixedDorm,0.75,0.625,0.0,2452.32,1226.16,3,2025-02-21,2025-02-21,0
2025-02-22,MaleDorm,0.5,0.7142857142857143,0.0,979.2,489.6,2,2025-02-22,2025-02-22,0
2025-02-22,FemaleDorm,0.25,0.0,0.0,700.84,350.42,1,2025-02-22,2025-02-22,0
2025-02-22,MixedDorm,0.75,0.625,0.0,2452.32,1226.16,3,2025-02-22,2025-02-22,0
2025-02-23,MaleDorm,0.25,0.0,0.0,956.8,478.4,1,2025-02-23,2025-02-23,0
2025-02-23,FemaleDorm,0.0,0.0,0.0,0.0,0.0,0,2025-02-23,2025-02-23,0
2025-02-23,MixedDorm,0.0,0.0,0.0,0.0,0.0,0,2025-02-23,2025-02-23,0
2025-02-24,MaleDorm,0.5,0.0,0.0,1555.8,518.6,2,2025-02-24,2025-02-24,0
2025-02-24,FemaleDorm,0.0,0.0,1.0,0.0,0.0,0,2025-02-24,2025-02-24,0
2025-02-24,MixedDorm,0.0,0.0,0.0,0.0,0.0,0,2025-02-24,2025-02-24,0
2025-02-25,MaleDorm,1.0,0.0,0.2,1916.0,1916.0,4,2025-02-25,2025-02-25,0
2025-02-25,FemaleDorm,0.0,1.0,0.0,0.0,0.0,0,2025-02-25,2025-02-25,0
2025-02-25,MixedDorm,0.5,0.0,0.0,1005.84,1005.84,2,2025-02-25,2025-02-25,0
2025-02-26,MaleDorm,0.0,0.0,1.0,0.0,0.0,0,2025-02-26,2025-02-26,0
2025-02-26,FemaleDorm,0.0,1.0,0.0,0.0,0.0,0,2025-02-26,2025-02-26,0
2025-02-26,MixedDorm,0.5,0.0,0.0,1005.84,1005.84,2,2025-02-26,2025-02-26,0
2025-02-27,MaleDorm,0.25,0.0,0.0,598.0,598.0,1,2025-02-27,2025-02-27,0
2025-02-27,FemaleDorm,0.25,0.5,0.0,431.28,431.28,1,2025-02-27,2025-02-27,0
2025-02-27,MixedDorm,0.0,0.0,0.0,0.0,0.0,0,2025-02-27,2025-02-27,0
2025-02-28,MaleDorm,0.5,0.0,0.3333333333333333,957.6,957.6,2,2025-02-28,2025-02-28,0
2025-02-28,FemaleDorm,0.25,0.6666666666666666,0.0,900.0,450.0,1,2025-02-28,2025-02-28,0
2025-02-28,MixedDorm,0.0,0.0,0.0,0.0,0.0,0,2025-02-28,2025-02-28,0
2025-03-01,MaleDorm,0.0,1.0,0.0,0.0,0.0,0,2025-03-01,2025-03-01,0
2025-03-01,FemaleDorm,0.5,0.0,0.0,2158.2,539.55,2,2025-03-01,2025-03-01,0
2025-03-01,MixedDorm,0.0,0.0,1.0,0.0,0.0,0,2025-03-01,2025-03-01,0
2025-03-02,MaleDorm,0.0,0.0,0.0,0.0,0.0,0,2025-03-02,2025-03-02,0
2025-03-02,FemaleDorm,0.25,0.0,0.0,1258.2,629.1,1,2025-03-02,2025-03-02,0
2025-03-02,MixedDorm,0.0,0.0,0.0,0.0,0.0,0,2025-03-02,2025-03-02,0
2025-03-03,MaleDorm,0.0,0.0,0.0,0.0,0.0,0,2025-03-03,2025-03-03,0
2025-03-03,FemaleDorm,0.0,0.0,0.0,0.0,0.0,0,2025-03-03,2025-03-03,0
2025-03-03,MixedDorm,0.0,0.0,0.0,0.0,0.0,0,2025-03-03,2025-03-03,0
2025-03-04,MaleDorm,0.0,0.0,0.0,0.0,0.0,0,2025-03-04,2025-03-04,0
2025-03-04,FemaleDorm,0.0,0.0,0.0,0.0,0.0,0,2025-03-04,2025-03-04,0
2025-03-04,MixedDorm,0.0,0.0,0.0,0.0,0.0,0,2025-03-04,2025-03-04,0
2025-03-05,MaleDorm,0.25,0.0,0.0,699.0,699.0,1,2025-03-05,2025-03-05,0
2025-03-05,FemaleDorm,0.0,0.0,0.0,0.0,0.0,0,2025-03-05,2025-03-05,0
2025-03-05,MixedDorm,0.25,0.0,0.0,719.1,719.1,1,2025-03-05,2025-03-05,0
2025-03-06,MaleDorm,0.0,1.0,0.0,0.0,0.0,0,2025-03-06,2025-03-06,0
2025-03-06,FemaleDorm,0.25,0.0,0.0,900.0,450.0,1,2025-03-06,2025-03-06,0
2025-03-06,MixedDorm,0.0,0.0,0.0,0.0,0.0,0,2025-03-06,2025-03-06,0
2025-03-07,MaleDorm,0.0,1.0,0.0,0.0,0.0,0,2025-03-07,2025-03-07,0
2025-03-07,FemaleDorm,0.25,0.0,0.0,900.0,450.0,1,2025-03-07,2025-03-07,0
2025-03-07,MixedDorm,0.0,0.0,0.0,0.0,0.0,0,2025-03-07,2025-03-07,0
2025-03-08,MaleDorm,0.0,1.0,0.0,0.0,0.0,0,2025-03-08,2025-03-08,0
2025-03-08,FemaleDorm,0.0,0.0,0.0,0.0,0.0,0,2025-03-08,2025-03-08,0
2025-03-08,MixedDorm,0.0,0.0,0.0,0.0,0.0,0,2025-03-08,2025-03-08,0
2025-03-09,MaleDorm,0.0,1.0,0.0,0.0,0.0,0,2025-03-09,2025-03-09,0
2025-03-09,FemaleDorm,0.25,0.0,0.0,1258.2,629.1,1,2025-03-09,2025-03-09,0
2025-03-09,MixedDorm,0.25,0.0,0.0,799.0,799.0,1,2025-03-09,2025-03-09,0
2025-03-10,MaleDorm,0.0,0.0,0.0,0.0,0.0,0,2025-03-10,2025-03-10,0
2025-03-10,FemaleDorm,0.25,0.0,0.0,1258.2,629.1,1,2025-03-10,2025-03-10,0
2025-03-10,MixedDorm,0.25,0.0,0.0,1598.0,799.0,1,2025-03-10,2025-03-10,0
2025-03-11,MaleDorm,0.0,0.0,0.0,0.0,0.0,0,2025-03-11,2025-03-11,0
2025-03-11,FemaleDorm,0.0,0.0,0.0,0.0,0.0,0,2025-03-11,2025-03-11,0
2025-03-11,MixedDorm,0.25,0.75,0.0,1598.0,799.0,1,2025-03-11,2025-03-11,0
2025-03-12,MaleDorm,0.0,0.0,0.0,0.0,0.0,0,2025-03-12,2025-03-12,0
2025-03-12,FemaleDorm,0.0,0.0,0.0,0.0,0.0,0,2025-03-12,2025-03-12,0
2025-03-12,MixedDorm,0.0,1.0,0.0,0.0,0.0,0,2025-03-12,2025-03-12,0
2025-03-13,MaleDorm,0.0,0.0,0.0,0.0,0.0,0,2025-03-13,2025-03-13,0
2025-03-13,FemaleDorm,0.0,0.0,0.0,0.0,0.0,0,2025-03-13,2025-03-13,0
2025-03-13,MixedDorm,0.0,0.0,0.0,0.0,0.0,0,2025-03-13,2025-03-13,0
2025-03-14,MaleDorm,0.5,0.6,0.6,1398.0,699.0,2,2025-03-14,2025-03-14,0
2025-03-14,FemaleDorm,0.5,0.0,0.0,1978.2,989.1,2,2025-03-14,2025-03-14,0
2025-03-14,MixedDorm,0.5,0.0,0.0,2336.4,1168.2,2,2025-03-14,2025-03-14,0
2025-03-15,MaleDorm,0.25,0.75,0.0,699.0,699.0,1,2025-03-15,2025-03-15,0
2025-03-15,FemaleDorm,0.5,0.0,0.0,1978.2,989.1,2,2025-03-15,2025-03-15,0
2025-03-15,MixedDorm,0.5,0.0,0.0,2336.4,1168.2,2,2025-03-15,2025-03-15,0
2025-03-16,MaleDorm,0.0,0.0,0.0,0.0,0.0,0,2025-03-16,2025-03-16,0
2025-03-16,FemaleDorm,0.0,0.0,1.0,0.0,0.0,0,2025-03-16,2025-03-16,0
2025-03-16,MixedDorm,0.0,0.0,0.0,0.0,0.0,0,2025-03-16,2025-03-16,0
2025-03-17,MaleDorm,0.0,0.0,0.0,0.0,0.0,0,2025-03-17,2025-03-17,0
2025-03-17,FemaleDorm,0.0,0.0,1.0,0.0,0.0,0,2025-03-17,2025-03-17,0
2025-03-17,MixedDorm,0.0,0.0,0.0,0.0,0.0,0,2025-03-17,2025-03-17,0
2025-03-18,MaleDorm,0.0,0.0,0.0,0.0,0.0,0,2025-03-18,2025-03-18,0
2025-03-18,FemaleDorm,0.0,0.0,0.0,0.0,0.0,0,2025-03-18,2025-03-18,0
2025-03-18,MixedDorm,0.0,0.0,0.0,0.0,0.0,0,2025-03-18,2025-03-18,0
2025-03-19,MaleDorm,0.0,1.0,0.0,0.0,0.0,0,2025-03-19,2025-03-19,0
2025-03-19,FemaleDorm,0.0,0.0,0.0,0.0,0.0,0,2025-03-19,2025-03-19,0
2025-03-19,MixedDorm,0.25,0.0,0.0,799.0,799.0,1,2025-03-19,2025-03-19,0
2025-03-20,MaleDorm,0.5,0.5,0.0,2796.0,699.0,2,2025-03-20,2025-03-20,0
2025-03-20,FemaleDorm,0.0,0.0,0.0,0.0,0.0,0,2025-03-20,2025-03-20,0
2025-03-20,MixedDorm,0.25,0.0,0.0,1598.0,799.0,1,2025-03-20,2025-03-20,0
2025-03-21,MaleDorm,0.5,0.0,0.3333333333333333,2796.0,699.0,2,2025-03-21,2025-03-21,0
2025-03-21,FemaleDorm,0.0,0.0,0.0,0.0,0.0,0,2025-03-21,2025-03-21,0
2025-03-21,MixedDorm,0.25,0.0,0.0,1598.0,799.0,1,2025-03-21,2025-03-21,0
2025-03-22,MaleDorm,0.0,0.0,0.0,0.0,0.0,0,2025-03-22,2025-03-22,0
2025-03-22,FemaleDorm,0.0,0.0,0.0,0.0,0.0,0,2025-03-22,2025-03-22,0
2025-03-22,MixedDorm,0.0,1.0,0.0,0.0,0.0,0,2025-03-22,2025-03-22,0
2025-03-23,MaleDorm,0.0,0.0,0.0,0.0,0.0,0,2025-03-23,2025-03-23,0
2025-03-23,FemaleDorm,0.0,0.0,1.0,0.0,0.0,0,2025-03-23,2025-03-23,0
2025-03-23,MixedDorm,0.0,1.0,0.0,0.0,0.0,0,2025-03-23,2025-03-23,0
2025-03-24,MaleDorm,0.0,0.0,0.0,0.0,0.0,0,2025-03-24,2025-03-24,0
2025-03-24,FemaleDorm,0.0,0.0,0.0,0.0,0.0,0,2025-03-24,2025-03-24,0
2025-03-24,MixedDorm,0.0,0.0,0.0,0.0,0.0,0,2025-03-24,2025-03-24,0
2025-03-25,MaleDorm,1.0,0.0,0.0,12879.4,6439.7,11,2025-03-25,2025-03-25,0
2025-03-25,FemaleDorm,1.0,0.0,0.0,12879.4,6439.7,11,2025-03-25,2025-03-25,0
2025-03-25,MixedDorm,1.0,0.0,0.0,12879.4,6439.7,11,2025-03-25,2025-03-25,0
2025-03-26,MaleDorm,1.0,0.0,0.0,12879.4,6439.7,11,2025-03-26,2025-03-26,0
2025-03-26,FemaleDorm,1.0,0.0,0.0,12879.4,6439.7,11,2025-03-26,2025-03-26,0
2025-03-26,MixedDorm,1.0,0.0,0.0,12879.4,6439.7,11,2025-03-26,2025-03-26,0
2025-03-27,MaleDorm,0.0,0.0,0.0,0.0,0.0,0,2025-03-27,2025-03-27,0
2025-03-27,FemaleDorm,0.25,0.0,0.0,1598.0,799.0,1,2025-03-27,2025-03-27,0
2025-03-27,MixedDorm,0.25,0.0,0.0,1449.0,724.5,1,2025-03-27,2025-03-27,0
2025-03-28,MaleDorm,0.0,0.0,0.0,0.0,0.0,0,2025-03-28,2025-03-28,0
2025-03-28,FemaleDorm,0.25,0.0,0.0,1598.0,799.0,1,2025-03-28,2025-03-28,0
2025-03-28,MixedDorm,0.25,0.0,0.0,1449.0,724.5,1,2025-03-28,2025-03-28,0
2025-03-29,MaleDorm,0.0,0.0,0.0,0.0,0.0,0,2025-03-29,2025-03-29,0
2025-03-29,FemaleDorm,0.0,0.0,0.0,0.0,0.0,0,2025-03-29,2025-03-29,0
2025-03-29,MixedDorm,0.5,0.0,0.5,3196.0,799.0,2,2025-03-29,2025-03-29,0
2025-03-30,MaleDorm,0.0,0.0,0.0,0.0,0.0,0,2025-03-30,2025-03-30,0
2025-03-30,FemaleDorm,0.0,1.0,0.0,0.0,0.0,0,2025-03-30,2025-03-30,0
2025-03-30,MixedDorm,0.5,0.0,0.0,3196.0,799.0,2,2025-03-30,2025-03-30,0
2025-03-31,MaleDorm,0.25,0.0,0.0,2097.0,699.0,1,2025-03-31,2025-03-31,0
2025-03-31,FemaleDorm,0.25,0.0,0.0,2097.0,699.0,1,2025-03-31,2025-03-31,0
2025-03-31,MixedDorm,0.0,0.0,0.0,0.0,0.0,0,2025-03-31,2025-03-31,0
2025-04-01,MaleDorm,0.5,0.3333333333333333,0.0,3495.0,699.0,2,2025-04-01,2025-04-01,0
2025-04-01,FemaleDorm,0.5,0.3333333333333333,0.0,4494.0,749.0,2,2025-04-01,2025-04-01,0
2025-04-01,MixedDorm,0.0,0.0,0.0,0.0,0.0,0,2025-04-01,2025-04-01,0
2025-04-02,MaleDorm,0.5,0.3333333333333333,0.0,3495.0,699.0,2,2025-04-02,2025-04-02,0
2025-04-02,FemaleDorm,0.75,0.25,0.0,5293.0,756.1428571428571,3,2025-04-02,2025-04-02,0
2025-04-02,MixedDorm,0.25,0.0,0.0,550.0,550.0,1,2025-04-02,2025-04-02,0
2025-04-03,MaleDorm,0.0,1.0,0.0,0.0,0.0,0,2025-04-03,2025-04-03,0
2025-04-03,FemaleDorm,0.25,0.5,0.0,2397.0,799.0,1,2025-04-03,2025-04-03,0
2025-04-03,MixedDorm,0.0,0.0,0.0,0.0,0.0,0,2025-04-03,2025-04-03,0
2025-04-04,MaleDorm,0.25,0.5,0.0,500.0,500.0,1,2025-04-04,2025-04-04,0
2025-04-04,FemaleDorm,0.75,0.0,0.0,4913.4,701.9142857142857,3,2025-04-04,2025-04-04,0
2025-04-04,MixedDorm,0.25,0.75,0.0,1399.0,699.5,1,2025-04-04,2025-04-04,0
2025-04-05,MaleDorm,0.0,1.0,0.0,0.0,0.0,0,2025-04-05,2025-04-05,0
2025-04-05,FemaleDorm,0.75,0.0,0.0,4913.4,701.9142857142857,3,2025-04-05,2025-04-05,0
2025-04-05,MixedDorm,0.5,0.3333333333333333,0.0,2997.0,749.25,2,2025-04-05,2025-04-05,0
2025-04-06,MaleDorm,0.0,1.0,0.0,0.0,0.0,0,2025-04-06,2025-04-06,0
2025-04-06,FemaleDorm,0.25,0.0,0.0,2516.4,629.1,1,2025-04-06,2025-04-06,0
2025-04-06,MixedDorm,1.0,0.0,0.0,4714.1,785.6833333333334,5,2025-04-06,2025-04-06,0
2025-04-07,MaleDorm,0.0,0.0,0.0,0.0,0.0,0,2025-04-07,2025-04-07,0
2025-04-07,FemaleDorm,0.25,0.0,0.0,2516.4,629.1,1,2025-04-07,2025-04-07,0
2025-04-07,MixedDorm,0.0,0.0,0.0,0.0,0.0,0,2025-04-07,2025-04-07,0
2025-04-08,MaleDorm,0.0,0.0,0.0,0.0,0.0,0,2025-04-08,2025-04-08,0
2025-04-08,FemaleDorm,0.0,0.0,0.0,0.0,0.0,0,2025-04-08,2025-04-08,0
2025-04-08,MixedDorm,0.0,0.0,0.0,0.0,0.0,0,2025-04-08,2025-04-08,0
2025-04-09,MaleDorm,0.0,0.0,0.0,0.0,0.0,0,2025-04-09,2025-04-09,0
2025-04-09,FemaleDorm,0.0,0.0,1.0,0.0,0.0,0,2025-04-09,2025-04-09,0
2025-04-09,MixedDorm,1.0,0.0,0.0,16779.0,5593.0,7,2025-04-09,2025-04-09,0
2025-04-10,MaleDorm,0.0,0.0,0.0,0.0,0.0,0,2025-04-10,2025-04-10,0
2025-04-10,FemaleDorm,0.0,0.0,0.0,0.0,0.0,0,2025-04-10,2025-04-10,0
2025-04-10,MixedDorm,1.0,0.125,0.0,16779.0,5593.0,7,2025-04-10,2025-04-10,0
2025-04-11,MaleDorm,1.0,0.0,0.0,2447.45,2447.45,7,2025-04-11,2025-04-11,0
2025-04-11,FemaleDorm,1.0,0.0,0.1111111111111111,4844.45,1211.1125,8,2025-04-11,2025-04-11,0
2025-04-11,MixedDorm,1.0,0.0,0.0,16779.0,5593.0,7,2025-04-11,2025-04-11,0
2025-04-12,MaleDorm,1.0,0.0,0.0,2836.8,2836.8,8,2025-04-12,2025-04-12,0
2025-04-12,FemaleDorm,1.0,0.0,0.0,6320.4400000000005,1264.0880000000002,11,2025-04-12,2025-04-12,0
2025-04-12,MixedDorm,0.25,0.0,0.0,543.32,543.32,1,2025-04-12,2025-04-12,0
2025-04-13,MaleDorm,1.0,0.0,0.5,10279.2,3426.4,6,2025-04-13,2025-04-13,0
2025-04-13,FemaleDorm,0.25,0.0,0.8571428571428571,2397.0,799.0,1,2025-04-13,2025-04-13,0
2025-04-13,MixedDorm,1.0,0.18181818181818182,0.0,11909.16,2381.832,9,2025-04-13,2025-04-13,0
2025-04-14,MaleDorm,1.0,0.0,0.0,10279.2,3426.4,6,2025-04-14,2025-04-14,0
2025-04-14,FemaleDorm,0.25,0.0,0.0,543.32,543.32,1,2025-04-14,2025-04-14,0
2025-04-14,MixedDorm,1.0,0.0,0.07692307692307693,14295.8,1786.975,12,2025-04-14,2025-04-14,0
2025-04-15,MaleDorm,1.0,0.0,0.0,10279.2,3426.4,6,2025-04-15,2025-04-15,0
2025-04-15,FemaleDorm,0.0,1.0,1.0,0.0,0.0,0,2025-04-15,2025-04-15,0
2025-04-15,MixedDorm,1.0,0.0,0.09090909090909091,13209.16,1651.145,10,2025-04-15,2025-04-15,0
2025-04-16,MaleDorm,0.0,0.0,0.0,0.0,0.0,0,2025-04-16,2025-04-16,0
2025-04-16,FemaleDorm,0.25,0.5,0.0,1086.64,543.32,1,2025-04-16,2025-04-16,0
2025-04-16,MixedDorm,1.0,0.3333333333333333,0.2,2173.28,543.32,4,2025-04-16,2025-04-16,0
2025-04-17,MaleDorm,0.0,0.0,0.0,0.0,0.0,0,2025-04-17,2025-04-17,0
2025-04-17,FemaleDorm,0.25,0.8,0.0,1086.64,543.32,1,2025-04-17,2025-04-17,0
2025-04-17,MixedDorm,0.75,0.4,0.0,1629.96,814.98,3,2025-04-17,2025-04-17,0
2025-04-18,MaleDorm,0.0,0.0,1.0,0.0,0.0,0,2025-04-18,2025-04-18,0
2025-04-18,FemaleDorm,0.0,1.0,1.0,0.0,0.0,0,2025-04-18,2025-04-18,0
2025-04-18,MixedDorm,0.75,0.5714285714285714,0.4,2173.28,543.32,3,2025-04-18,2025-04-18,0
2025-04-19,MaleDorm,0.0,0.0,0.0,0.0,0.0,0,2025-04-19,2025-04-19,0
2025-04-19,FemaleDorm,0.0,1.0,0.0,0.0,0.0,0,2025-04-19,2025-04-19,0
2025-04-19,MixedDorm,1.0,0.16666666666666666,0.0,6999.240000000001,636.2945454545455,5,2025-04-19,2025-04-19,0
2025-04-20,MaleDorm,0.0,0.0,1.0,0.0,0.0,0,2025-04-20,2025-04-20,0
2025-04-20,FemaleDorm,1.0,0.0,0.0,2716.6000000000004,1358.3000000000002,5,2025-04-20,2025-04-20,0
2025-04-20,MixedDorm,1.0,0.36363636363636365,0.0,7542.560000000001,838.0622222222223,7,2025-04-20,2025-04-20,0
2025-04-21,MaleDorm,0.0,0.0,0.0,0.0,0.0,0,2025-04-21,2025-04-21,0
2025-04-21,FemaleDorm,0.0,0.0,1.0,0.0,0.0,0,2025-04-21,2025-04-21,0
2025-04-21,MixedDorm,0.25,0.6666666666666666,0.0,3196.0,799.0,1,2025-04-21,2025-04-21,0
2025-04-22,MaleDorm,0.0,0.0,0.0,0.0,0.0,0,2025-04-22,2025-04-22,0
2025-04-22,FemaleDorm,0.0,0.0,0.0,0.0,0.0,0,2025-04-22,2025-04-22,0
2025-04-22,MixedDorm,0.25,0.8,0.8,3196.0,799.0,1,2025-04-22,2025-04-22,0
2025-04-23,MaleDorm,0.0,0.0,0.0,0.0,0.0,0,2025-04-23,2025-04-23,0
2025-04-23,FemaleDorm,0.25,0.5,0.0,1086.64,543.32,1,2025-04-23,2025-04-23,0
2025-04-23,MixedDorm,0.25,0.5,0.0,543.32,543.32,1,2025-04-23,2025-04-23,0
2025-04-24,MaleDorm,0.0,0.0,0.0,0.0,0.0,0,2025-04-24,2025-04-24,0
2025-04-24,FemaleDorm,0.25,0.5,0.0,1086.64,543.32,1,2025-04-24,2025-04-24,0
2025-04-24,MixedDorm,0.5,0.6666666666666666,0.0,2684.6400000000003,671.1600000000001,2,2025-04-24,2025-04-24,0
2025-04-25,MaleDorm,0.0,1.0,0.0,0.0,0.0,0,2025-04-25,2025-04-25,0
2025-04-25,FemaleDorm,0.25,0.0,0.0,543.32,543.32,1,2025-04-25,2025-04-25,0
2025-04-25,MixedDorm,0.75,0.7,0.0,4314.6,616.3714285714286,3,2025-04-25,2025-04-25,0
2025-04-26,MaleDorm,0.0,1.0,0.0,0.0,0.0,0,2025-04-26,2025-04-26,0
2025-04-26,FemaleDorm,0.0,1.0,0.0,0.0,0.0,0,2025-04-26,2025-04-26,0
2025-04-26,MixedDorm,0.5,0.75,0.3333333333333333,2716.6000000000004,543.32,2,2025-04-26,2025-04-26,0
2025-04-27,MaleDorm,0.0,0.0,0.0,0.0,0.0,0,2025-04-27,2025-04-27,0
2025-04-27,FemaleDorm,0.75,0.25,0.0,3259.92,814.98,3,2025-04-27,2025-04-27,0
2025-04-27,MixedDorm,0.75,0.5,0.0,3259.9200000000005,543.32,3,2025-04-27,2025-04-27,0
2025-04-28,MaleDorm,0.0,0.0,0.0,0.0,0.0,0,2025-04-28,2025-04-28,0
2025-04-28,FemaleDorm,0.75,0.0,0.0,3259.92,814.98,3,2025-04-28,2025-04-28,0
2025-04-28,MixedDorm,1.0,0.0,0.0,4346.56,724.4266666666667,4,2025-04-28,2025-04-28,0
2025-04-29,MaleDorm,0.0,0.0,0.0,0.0,0.0,0,2025-04-29,2025-04-29,0
2025-04-29,FemaleDorm,0.0,0.0,0.0,0.0,0.0,0,2025-04-29,2025-04-29,0
2025-04-29,MixedDorm,0.75,0.0,0.0,3803.2400000000002,760.648,3,2025-04-29,2025-04-29,0
2025-04-30,MaleDorm,0.0,1.0,0.0,0.0,0.0,0,2025-04-30,2025-04-30,0
2025-04-30,FemaleDorm,0.5,0.5,0.0,2173.28,1086.64,2,2025-04-30,2025-04-30,0
2025-04-30,MixedDorm,0.25,0.6666666666666666,0.0,1629.96,543.32,1,2025-04-30,2025-04-30,0
2025-05-01,MaleDorm,0.0,1.0,0.0,0.0,0.0,0,2025-05-01,2025-05-01,0
2025-05-01,FemaleDorm,0.5,0.6,0.0,2173.28,1086.64,2,2025-05-01,2025-05-01,0
2025-05-01,MixedDorm,1.0,0.2857142857142857,0.0,4889.88,977.976,5,2025-05-01,2025-05-01,0
2025-05-02,MaleDorm,0.0,1.0,1.0,0.0,0.0,0,2025-05-02,2025-05-02,0
2025-05-02,FemaleDorm,0.5,0.6,0.0,2173.28,1086.64,2,2025-05-02,2025-05-02,0
2025-05-02,MixedDorm,1.0,0.0,0.0,11090.12,739.3413333333334,10,2025-05-02,2025-05-02,0
2025-05-03,MaleDorm,0.0,1.0,0.0,0.0,0.0,0,2025-05-03,2025-05-03,0
2025-05-03,FemaleDorm,0.5,0.7142857142857143,0.0,2173.28,1086.64,2,2025-05-03,2025-05-03,0
2025-05-03,MixedDorm,1.0,0.0,0.0,9784.74,752.6723076923076,7,2025-05-03,2025-05-03,0
2025-05-04,MaleDorm,0.0,0.0,0.0,0.0,0.0,0,2025-05-04,2025-05-04,0
2025-05-04,FemaleDorm,0.0,1.0,0.0,0.0,0.0,0,2025-05-04,2025-05-04,0
2025-05-04,MixedDorm,1.0,0.0,0.2857142857142857,7451.66,677.4236363636363,5,2025-05-04,2025-05-04,0
2025-05-05,MaleDorm,0.0,0.0,0.0,0.0,0.0,0,2025-05-05,2025-05-05,0
2025-05-05,FemaleDorm,0.0,1.0,0.0,0.0,0.0,0,2025-05-05,2025-05-05,0
2025-05-05,MixedDorm,1.0,0.0,0.0,5358.28,765.4685714285714,5,2025-05-05,2025-05-05,0
2025-05-06,MaleDorm,0.0,0.0,0.0,0.0,0.0,0,2025-05-06,2025-05-06,0
2025-05-06,FemaleDorm,0.0,0.0,0.0,0.0,0.0,0,2025-05-06,2025-05-06,0
2025-05-06,MixedDorm,0.75,0.4,0.0,2780.52,463.42,3,2025-05-06,2025-05-06,0
2025-05-07,MaleDorm,0.0,0.0,0.0,0.0,0.0,0,2025-05-07,2025-05-07,0
2025-05-07,FemaleDorm,0.0,0.0,0.0,0.0,0.0,0,2025-05-07,2025-05-07,0
2025-05-07,MixedDorm,1.0,0.3333333333333333,0.0,5097.62,637.2025,4,2025-05-07,2025-05-07,0
2025-05-08,MaleDorm,0.0,0.0,0.0,0.0,0.0,0,2025-05-08,2025-05-08,0
2025-05-08,FemaleDorm,0.0,0.0,0.0,0.0,0.0,0,2025-05-08,2025-05-08,0
2025-05-08,MixedDorm,1.0,0.25,0.0,6951.3,579.275,6,2025-05-08,2025-05-08,0
2025-05-09,MaleDorm,0.0,0.0,0.0,0.0,0.0,0,2025-05-09,2025-05-09,0
2025-05-09,FemaleDorm,0.0,1.0,0.0,0.0,0.0,0,2025-05-09,2025-05-09,0
2025-05-09,MixedDorm,1.0,0.3333333333333333,0.0,5097.62,637.2025,4,2025-05-09,2025-05-09,0
2025-05-10,MaleDorm,0.0,0.0,0.0,0.0,0.0,0,2025-05-10,2025-05-10,0
2025-05-10,FemaleDorm,0.25,0.6666666666666666,0.0,926.84,463.42,1,2025-05-10,2025-05-10,0
2025-05-10,MixedDorm,0.5,0.6,0.0,1853.68,463.42,2,2025-05-10,2025-05-10,0
2025-05-11,MaleDorm,0.0,0.0,0.0,0.0,0.0,0,2025-05-11,2025-05-11,0
2025-05-11,FemaleDorm,0.25,0.6666666666666666,0.0,926.84,463.42,1,2025-05-11,2025-05-11,0
2025-05-11,MixedDorm,0.25,0.75,0.0,463.42,463.42,1,2025-05-11,2025-05-11,0
2025-05-12,MaleDorm,0.0,0.0,0.0,0.0,0.0,0,2025-05-12,2025-05-12,0
2025-05-12,FemaleDorm,0.0,1.0,0.0,0.0,0.0,0,2025-05-12,2025-05-12,0
2025-05-12,MixedDorm,0.75,0.25,0.0,1470.16,490.05333333333334,3,2025-05-12,2025-05-12,0
2025-05-13,MaleDorm,0.0,0.0,0.0,0.0,0.0,0,2025-05-13,2025-05-13,0
2025-05-13,FemaleDorm,0.0,0.0,0.0,0.0,0.0,0,2025-05-13,2025-05-13,0
2025-05-13,MixedDorm,1.0,0.125,0.0,6024.46,2008.1533333333334,7,2025-05-13,2025-05-13,0
2025-05-14,MaleDorm,0.0,0.0,0.0,0.0,0.0,0,2025-05-14,2025-05-14,0
2025-05-14,FemaleDorm,0.0,0.0,0.0,0.0,0.0,0,2025-05-14,2025-05-14,0
2025-05-14,MixedDorm,1.0,0.14285714285714285,0.0,5561.04,2780.52,6,2025-05-14,2025-05-14,0
2025-05-15,MaleDorm,0.0,0.0,0.0,0.0,0.0,0,2025-05-15,2025-05-15,0
2025-05-15,FemaleDorm,0.25,0.0,0.0,1629.96,543.32,1,2025-05-15,2025-05-15,0
2025-05-15,MixedDorm,0.0,0.0,0.0,0.0,0.0,0,2025-05-15,2025-05-15,0
2025-05-16,MaleDorm,0.0,0.0,0.0,0.0,0.0,0,2025-05-16,2025-05-16,0
2025-05-16,FemaleDorm,0.25,0.0,0.8571428571428571,1629.96,543.32,1,2025-05-16,2025-05-16,0
2025-05-16,MixedDorm,0.25,0.5,0.8571428571428571,463.42,463.42,1,2025-05-16,2025-05-16,0
2025-05-17,MaleDorm,0.0,0.0,0.0,0.0,0.0,0,2025-05-17,2025-05-17,0
2025-05-17,FemaleDorm,0.25,0.5,0.5,1629.96,543.32,1,2025-05-17,2025-05-17,0
2025-05-17,MixedDorm,0.0,1.0,1.0,0.0,0.0,0,2025-05-17,2025-05-17,0
2025-05-18,MaleDorm,0.0,0.0,0.0,0.0,0.0,0,2025-05-18,2025-05-18,0
2025-05-18,FemaleDorm,0.0,0.0,0.0,0.0,0.0,0,2025-05-18,2025-05-18,0
2025-05-18,MixedDorm,0.25,0.8,0.5,463.42,463.42,1,2025-05-18,2025-05-18,0
2025-05-19,MaleDorm,0.0,1.0,0.0,0.0,0.0,0,2025-05-19,2025-05-19,0
2025-05-19,FemaleDorm,0.0,0.0,0.0,0.0,0.0,0,2025-05-19,2025-05-19,0
2025-05-19,MixedDorm,0.0,1.0,0.0,0.0,0.0,0,2025-05-19,2025-05-19,0
2025-05-20,MaleDorm,0.0,0.0,0.0,0.0,0.0,0,2025-05-20,2025-05-20,0
2025-05-20,FemaleDorm,0.0,1.0,0.0,0.0,0.0,0,2025-05-20,2025-05-20,0
2025-05-20,MixedDorm,0.25,0.9,0.0,463.42,463.42,1,2025-05-20,2025-05-20,0
2025-05-21,MaleDorm,0.0,0.0,0.0,0.0,0.0,0,2025-05-21,2025-05-21,0
2025-05-21,FemaleDorm,0.0,1.0,0.0,0.0,0.0,0,2025-05-21,2025-05-21,0
2025-05-21,MixedDorm,0.0,1.0,1.0,0.0,0.0,0,2025-05-21,2025-05-21,0
2025-05-22,MaleDorm,0.0,0.0,0.0,0.0,0.0,0,2025-05-22,2025-05-22,0
2025-05-22,FemaleDorm,0.0,1.0,1.0,0.0,0.0,0,2025-05-22,2025-05-22,0
2025-05-22,MixedDorm,0.0,0.0,0.0,0.0,0.0,0,2025-05-22,2025-05-22,0
2025-05-23,MaleDorm,0.0,0.0,0.0,0.0,0.0,0,2025-05-23,2025-05-23,0
2025-05-23,FemaleDorm,0.5,0.5,0.0,926.84,926.84,2,2025-05-23,2025-05-23,0
2025-05-23,MixedDorm,0.0,0.0,0.0,0.0,0.0,0,2025-05-23,2025-05-23,0
2025-05-24,MaleDorm,0.0,0.0,0.0,0.0,0.0,0,2025-05-24,2025-05-24,0
2025-05-24,FemaleDorm,1.0,0.5,0.0,7878.14,1575.6280000000002,5,2025-05-24,2025-05-24,0
2025-05-24,MixedDorm,1.0,0.2727272727272727,0.0,13646.92,1949.56,8,2025-05-24,2025-05-24,0
2025-05-25,MaleDorm,0.0,0.0,0.0,0.0,0.0,0,2025-05-25,2025-05-25,0
2025-05-25,FemaleDorm,1.0,0.2,0.2,7414.72,1853.68,4,2025-05-25,2025-05-25,0
2025-05-25,MixedDorm,1.0,0.23076923076923078,0.09090909090909091,15500.6,1722.288888888889,10,2025-05-25,2025-05-25,0
2025-05-26,MaleDorm,0.0,0.0,0.0,0.0,0.0,0,2025-05-26,2025-05-26,0
2025-05-26,FemaleDorm,1.0,0.0,0.0,7414.72,1853.68,4,2025-05-26,2025-05-26,0
2025-05-26,MixedDorm,1.0,0.08333333333333333,0.0,15964.02,1596.402,11,2025-05-26,2025-05-26,0
2025-05-27,MaleDorm,0.0,0.0,0.0,0.0,0.0,0,2025-05-27,2025-05-27,0
2025-05-27,FemaleDorm,1.0,0.0,0.0,7414.72,1853.68,4,2025-05-27,2025-05-27,0
2025-05-27,MixedDorm,1.0,0.4444444444444444,0.5454545454545454,7878.14,1575.6280000000002,5,2025-05-27,2025-05-27,0
2025-05-28,MaleDorm,0.0,0.0,0.0,0.0,0.0,0,2025-05-28,2025-05-28,0
2025-05-28,FemaleDorm,0.0,0.0,0.0,0.0,0.0,0,2025-05-28,2025-05-28,0
2025-05-28,MixedDorm,0.0,1.0,0.0,0.0,0.0,0,2025-05-28,2025-05-28,0
2025-05-29,MaleDorm,0.0,0.0,0.0,0.0,0.0,0,2025-05-29,2025-05-29,0
2025-05-29,FemaleDorm,0.0,0.0,0.0,0.0,0.0,0,2025-05-29,2025-05-29,0
2025-05-29,MixedDorm,0.0,0.0,1.0,0.0,0.0,0,2025-05-29,2025-05-29,0
2025-05-30,MaleDorm,0.0,0.0,0.0,0.0,0.0,0,2025-05-30,2025-05-30,0
2025-05-30,FemaleDorm,0.75,0.0,0.0,1390.26,463.42,3,2025-05-30,2025-05-30,0
2025-05-30,MixedDorm,0.25,0.6666666666666666,0.5,463.42,463.42,1,2025-05-30,2025-05-30,0
2025-05-31,MaleDorm,0.0,0.0,0.0,0.0,0.0,0,2025-05-31,2025-05-31,0
2025-05-31,FemaleDorm,1.0,0.1,0.0,4634.2,1544.7333333333333,9,2025-05-31,2025-05-31,0
2025-05-31,MixedDorm,1.0,0.16666666666666666,0.16666666666666666,6951.3,868.9125,10,2025-05-31,2025-05-31,0
2025-06-01,MaleDorm,0.0,0.0,0.0,0.0,0.0,0,2025-06-01,2025-06-01,0
2025-06-01,FemaleDorm,0.5,0.3333333333333333,0.0,2317.1,463.41999999999996,2,2025-06-01,2025-06-01,0
2025-06-01,MixedDorm,1.0,0.2,0.2,6024.46,753.0575,8,2025-06-01,2025-06-01,0
2025-06-02,MaleDorm,0.0,0.0,0.0,0.0,0.0,0,2025-06-02,2025-06-02,0
2025-06-02,FemaleDorm,0.25,0.0,0.0,1390.26,463.42,1,2025-06-02,2025-06-02,0
2025-06-02,MixedDorm,1.0,0.14285714285714285,0.0,4634.2,514.911111111111,6,2025-06-02,2025-06-02,0
2025-06-03,MaleDorm,0.0,0.0,0.0,0.0,0.0,0,2025-06-03,2025-06-03,0
2025-06-03,FemaleDorm,0.5,0.0,0.0,1853.68,463.42,2,2025-06-03,2025-06-03,0
2025-06-03,MixedDorm,1.0,0.0,0.0,5097.62,849.6033333333334,7,2025-06-03,2025-06-03,0
2025-06-04,MaleDorm,0.0,0.0,0.0,0.0,0.0,0,2025-06-04,2025-06-04,0
2025-06-04,FemaleDorm,0.0,0.0,0.0,0.0,0.0,0,2025-06-04,2025-06-04,0
2025-06-04,MixedDorm,0.5,0.0,0.6,2780.52,463.42,2,2025-06-04,2025-06-04,0
2025-06-05,MaleDorm,0.0,0.0,0.0,0.0,0.0,0,2025-06-05,2025-06-05,0
2025-06-05,FemaleDorm,0.0,0.0,0.0,0.0,0.0,0,2025-06-05,2025-06-05,0
2025-06-05,MixedDorm,0.0,1.0,1.0,0.0,0.0,0,2025-06-05,2025-06-05,0
2025-06-06,MaleDorm,0.0,0.0,0.0,0.0,0.0,0,2025-06-06,2025-06-06,0
2025-06-06,FemaleDorm,0.0,1.0,0.0,0.0,0.0,0,2025-06-06,2025-06-06,0
2025-06-06,MixedDorm,0.0,0.0,0.0,0.0,0.0,0,2025-06-06,2025-06-06,0
2025-06-07,MaleDorm,0.0,0.0,0.0,0.0,0.0,0,2025-06-07,2025-06-07,0
2025-06-07,FemaleDorm,0.0,1.0,0.0,0.0,0.0,0,2025-06-07,2025-06-07,0
2025-06-07,MixedDorm,0.0,0.0,1.0,0.0,0.0,0,2025-06-07,2025-06-07,0
2025-06-08,MaleDorm,0.0,0.0,0.0,0.0,0.0,0,2025-06-08,2025-06-08,0
2025-06-08,FemaleDorm,0.0,1.0,0.0,0.0,0.0,0,2025-06-08,2025-06-08,0
2025-06-08,MixedDorm,0.0,0.0,1.0,0.0,0.0,0,2025-06-08,2025-06-08,0
2025-06-09,MaleDorm,0.0,0.0,0.0,0.0,0.0,0,2025-06-09,2025-06-09,0
2025-06-09,FemaleDorm,0.0,1.0,0.0,0.0,0.0,0,2025-06-09,2025-06-09,0
2025-06-09,MixedDorm,0.25,0.0,0.0,463.42,463.42,1,2025-06-09,2025-06-09,0
2025-06-10,MaleDorm,0.0,0.0,0.0,0.0,0.0,0,2025-06-10,2025-06-10,0
2025-06-10,FemaleDorm,0.0,1.0,0.0,0.0,0.0,0,2025-06-10,2025-06-10,0
2025-06-10,MixedDorm,0.0,0.0,0.0,0.0,0.0,0,2025-06-10,2025-06-10,0
2025-06-11,MaleDorm,0.0,0.0,0.0,0.0,0.0,0,2025-06-11,2025-06-11,0
2025-06-11,FemaleDorm,1.0,0.0,0.0,3707.36,1853.68,8,2025-06-11,2025-06-11,0
2025-06-11,MixedDorm,1.0,0.0,0.0,7878.139999999999,1313.0233333333333,13,2025-06-11,2025-06-11,0
2025-06-12,MaleDorm,0.0,0.0,0.0,0.0,0.0,0,2025-06-12,2025-06-12,0
2025-06-12,FemaleDorm,0.0,1.0,0.0,0.0,0.0,0,2025-06-12,2025-06-12,0
2025-06-12,MixedDorm,0.5,0.8181818181818182,0.0,2780.52,926.84,2,2025-06-12,2025-06-12,0
2025-06-13,MaleDorm,0.0,0.0,0.0,0.0,0.0,0,2025-06-13,2025-06-13,0
2025-06-13,FemaleDorm,0.0,1.0,0.0,0.0,0.0,0,2025-06-13,2025-06-13,0
2025-06-13,MixedDorm,1.0,0.6666666666666666,0.0,3707.36,926.84,4,2025-06-13,2025-06-13,0
2025-06-14,MaleDorm,0.0,0.0,0.0,0.0,0.0,0,2025-06-14,2025-06-14,0
2025-06-14,FemaleDorm,0.0,1.0,0.0,0.0,0.0,0,2025-06-14,2025-06-14,0
2025-06-14,MixedDorm,0.0,1.0,0.0,0.0,0.0,0,2025-06-14,2025-06-14,0
2025-06-15,MaleDorm,0.0,0.0,0.0,0.0,0.0,0,2025-06-15,2025-06-15,0
2025-06-15,FemaleDorm,0.0,1.0,0.0,0.0,0.0,0,2025-06-15,2025-06-15,0
2025-06-15,MixedDorm,0.5,0.7777777777777778,0.0,926.84,926.84,2,2025-06-15,2025-06-15,0
2025-06-16,MaleDorm,0.0,0.0,0.0,0.0,0.0,0,2025-06-16,2025-06-16,0
2025-06-16,FemaleDorm,0.0,1.0,0.0,0.0,0.0,0,2025-06-16,2025-06-16,0
2025-06-16,MixedDorm,0.0,1.0,0.0,0.0,0.0,0,2025-06-16,2025-06-16,0
2025-06-17,MaleDorm,0.0,0.0,0.0,0.0,0.0,0,2025-06-17,2025-06-17,0
2025-06-17,FemaleDorm,0.0,1.0,0.0,0.0,0.0,0,2025-06-17,2025-06-17,0
2025-06-17,MixedDorm,0.75,0.7,0.0,2780.52,1390.26,3,2025-06-17,2025-06-17,0
2025-06-18,MaleDorm,0.0,0.0,0.0,0.0,0.0,0,2025-06-18,2025-06-18,0
2025-06-18,FemaleDorm,0.0,0.0,0.0,0.0,0.0,0,2025-06-18,2025-06-18,0
2025-06-18,MixedDorm,0.75,0.0,0.0,2780.52,1390.26,3,2025-06-18,2025-06-18,0
2025-06-19,MaleDorm,0.0,0.0,0.0,0.0,0.0,0,2025-06-19,2025-06-19,0
2025-06-19,FemaleDorm,0.0,0.0,0.0,0.0,0.0,0,2025-06-19,2025-06-19,0
2025-06-19,MixedDorm,0.0,0.0,0.0,0.0,0.0,0,2025-06-19,2025-06-19,0
2025-06-20,MaleDorm,0.0,0.0,0.0,0.0,0.0,0,2025-06-20,2025-06-20,0
2025-06-20,FemaleDorm,0.0,0.0,0.0,0.0,0.0,0,2025-06-20,2025-06-20,0
2025-06-20,MixedDorm,0.0,0.0,0.0,0.0,0.0,0,2025-06-20,2025-06-20,0
2025-06-21,MaleDorm,0.0,0.0,0.0,0.0,0.0,0,2025-06-21,2025-06-21,0
2025-06-21,FemaleDorm,0.0,1.0,0.0,0.0,0.0,0,2025-06-21,2025-06-21,0
2025-06-21,MixedDorm,0.25,0.0,0.0,463.42,463.42,1,2025-06-21,2025-06-21,0
2025-06-22,MaleDorm,0.0,0.0,0.0,0.0,0.0,0,2025-06-22,2025-06-22,0
2025-06-22,FemaleDorm,0.0,1.0,0.0,0.0,0.0,0,2025-06-22,2025-06-22,0
2025-06-22,MixedDorm,0.0,0.0,0.0,0.0,0.0,0,2025-06-22,2025-06-22,0
2025-06-23,MaleDorm,0.0,0.0,0.0,0.0,0.0,0,2025-06-23,2025-06-23,0
2025-06-23,FemaleDorm,0.0,1.0,0.0,0.0,0.0,0,2025-06-23,2025-06-23,0
2025-06-23,MixedDorm,0.0,0.0,0.0,0.0,0.0,0,2025-06-23,2025-06-23,0
2025-06-24,MaleDorm,0.0,0.0,0.0,0.0,0.0,0,2025-06-24,2025-06-24,0
2025-06-24,FemaleDorm,0.0,0.0,0.0,0.0,0.0,0,2025-06-24,2025-06-24,0
2025-06-24,MixedDorm,0.0,0.0,0.0,0.0,0.0,0,2025-06-24,2025-06-24,0
2025-06-25,MaleDorm,0.0,0.0,0.0,0.0,0.0,0,2025-06-25,2025-06-25,0
2025-06-25,FemaleDorm,0.0,0.0,0.0,0.0,0.0,0,2025-06-25,2025-06-25,0
2025-06-25,MixedDorm,0.0,0.0,0.0,0.0,0.0,0,2025-06-25,2025-06-25,0
2025-06-26,MaleDorm,0.0,0.0,0.0,0.0,0.0,0,2025-06-26,2025-06-26,0
2025-06-26,FemaleDorm,0.0,0.0,0.0,0.0,0.0,0,2025-06-26,2025-06-26,0
2025-06-26,MixedDorm,0.25,0.0,0.0,926.84,463.42,1,2025-06-26,2025-06-26,0
2025-06-27,MaleDorm,0.0,0.0,0.0,0.0,0.0,0,2025-06-27,2025-06-27,0
2025-06-27,FemaleDorm,0.0,0.0,0.0,0.0,0.0,0,2025-06-27,2025-06-27,0
2025-06-27,MixedDorm,0.25,0.0,0.0,926.84,463.42,1,2025-06-27,2025-06-27,0
2025-06-28,MaleDorm,0.0,0.0,0.0,0.0,0.0,0,2025-06-28,2025-06-28,0
2025-06-28,FemaleDorm,0.25,0.0,0.0,1853.68,463.42,1,2025-06-28,2025-06-28,0
2025-06-28,MixedDorm,0.0,0.0,0.0,0.0,0.0,0,2025-06-28,2025-06-28,0
2025-06-29,MaleDorm,0.0,0.0,0.0,0.0,0.0,0,2025-06-29,2025-06-29,0
2025-06-29,FemaleDorm,0.25,0.0,0.0,1853.68,463.42,1,2025-06-29,2025-06-29,0
2025-06-29,MixedDorm,0.0,0.0,0.0,0.0,0.0,0,2025-06-29,2025-06-29,0
2025-06-30,MaleDorm,0.0,0.0,0.0,0.0,0.0,0,2025-06-30,2025-06-30,0
2025-06-30,FemaleDorm,0.25,0.0,0.0,1853.68,463.42,1,2025-06-30,2025-06-30,0
2025-06-30,MixedDorm,0.0,0.0,0.0,0.0,0.0,0,2025-06-30,2025-06-30,0
2025-07-01,MaleDorm,0.0,0.0,0.0,0.0,0.0,0,2025-07-01,2025-07-01,0
2025-07-01,FemaleDorm,0.25,0.0,0.0,1853.68,463.42,1,2025-07-01,2025-07-01,0
2025-07-01,MixedDorm,0.0,0.0,0.0,0.0,0.0,0,2025-07-01,2025-07-01,0
2025-07-02,MaleDorm,0.0,0.0,0.0,0.0,0.0,0,2025-07-02,2025-07-02,0
2025-07-02,FemaleDorm,0.0,0.0,0.0,0.0,0.0,0,2025-07-02,2025-07-02,0
2025-07-02,MixedDorm,0.0,0.0,0.0,0.0,0.0,0,2025-07-02,2025-07-02,0
2025-07-03,MaleDorm,0.0,0.0,0.0,0.0,0.0,0,2025-07-03,2025-07-03,0
2025-07-03,FemaleDorm,0.0,0.0,0.0,0.0,0.0,0,2025-07-03,2025-07-03,0
2025-07-03,MixedDorm,0.0,1.0,0.0,0.0,0.0,0,2025-07-03,2025-07-03,0
2025-07-04,MaleDorm,0.0,0.0,0.0,0.0,0.0,0,2025-07-04,2025-07-04,0
2025-07-04,FemaleDorm,1.0,0.0,0.0,16683.12,4170.78,9,2025-07-04,2025-07-04,0
2025-07-04,MixedDorm,1.0,0.18181818181818182,0.0,16683.12,4170.78,9,2025-07-04,2025-07-04,0
2025-07-05,MaleDorm,0.0,0.0,0.0,0.0,0.0,0,2025-07-05,2025-07-05,0
2025-07-05,FemaleDorm,1.0,0.0,0.0,16683.12,4170.78,9,2025-07-05,2025-07-05,0
2025-07-05,MixedDorm,1.0,0.0,0.0,16683.12,4170.78,9,2025-07-05,2025-07-05,0
2025-07-06,MaleDorm,0.0,0.0,0.0,0.0,0.0,0,2025-07-06,2025-07-06,0
2025-07-06,FemaleDorm,1.0,0.0,0.0,16683.12,4170.78,9,2025-07-06,2025-07-06,0
2025-07-06,MixedDorm,1.0,0.0,0.0,16683.12,4170.78,9,2025-07-06,2025-07-06,0
2025-07-07,MaleDorm,0.0,0.0,0.0,0.0,0.0,0,2025-07-07,2025-07-07,0
2025-07-07,FemaleDorm,1.0,0.0,0.0,16683.12,4170.78,9,2025-07-07,2025-07-07,0
2025-07-07,MixedDorm,1.0,0.0,0.0,16683.12,4170.78,9,2025-07-07,2025-07-07,0
2025-07-08,MaleDorm,0.0,0.0,0.0,0.0,0.0,0,2025-07-08,2025-07-08,0
2025-07-08,FemaleDorm,0.0,0.0,0.0,0.0,0.0,0,2025-07-08,2025-07-08,0
2025-07-08,MixedDorm,0.0,0.0,0.0,0.0,0.0,0,2025-07-08,2025-07-08,0
2025-07-09,MaleDorm,0.0,0.0,0.0,0.0,0.0,0,2025-07-09,2025-07-09,0
2025-07-09,FemaleDorm,0.0,0.0,0.0,0.0,0.0,0,2025-07-09,2025-07-09,0
2025-07-09,MixedDorm,0.0,0.0,0.0,0.0,0.0,0,2025-07-09,2025-07-09,0
2025-07-10,MaleDorm,0.0,0.0,0.0,0.0,0.0,0,2025-07-10,2025-07-10,0
2025-07-10,FemaleDorm,0.0,1.0,0.0,0.0,0.0,0,2025-07-10,2025-07-10,0
2025-07-10,MixedDorm,0.25,0.0,0.0,1853.68,463.42,1,2025-07-10,2025-07-10,0
2025-07-11,MaleDorm,0.0,0.0,0.0,0.0,0.0,0,2025-07-11,2025-07-11,0
2025-07-11,FemaleDorm,0.0,1.0,0.0,0.0,0.0,0,2025-07-11,2025-07-11,0
2025-07-11,MixedDorm,0.25,0.0,0.0,1853.68,463.42,1,2025-07-11,2025-07-11,0
2025-07-12,MaleDorm,0.0,0.0,0.0,0.0,0.0,0,2025-07-12,2025-07-12,0
2025-07-12,FemaleDorm,0.0,1.0,0.0,0.0,0.0,0,2025-07-12,2025-07-12,0
2025-07-12,MixedDorm,0.25,0.0,0.0,1853.68,463.42,1,2025-07-12,2025-07-12,0
2025-07-13,MaleDorm,0.0,0.0,0.0,0.0,0.0,0,2025-07-13,2025-07-13,0
2025-07-13,FemaleDorm,0.0,1.0,0.0,0.0,0.0,0,2025-07-13,2025-07-13,0
2025-07-13,MixedDorm,0.25,0.0,0.0,1853.68,463.42,1,2025-07-13,2025-07-13,0
2025-07-14,MaleDorm,0.0,0.0,0.0,0.0,0.0,0,2025-07-14,2025-07-14,0
2025-07-14,FemaleDorm,0.0,0.0,0.0,0.0,0.0,0,2025-07-14,2025-07-14,0
2025-07-14,MixedDorm,1.0,0.0,0.0,5561.04,926.84,4,2025-07-14,2025-07-14,0
2025-07-15,MaleDorm,0.0,0.0,0.0,0.0,0.0,0,2025-07-15,2025-07-15,0
2025-07-15,FemaleDorm,0.0,0.0,0.0,0.0,0.0,0,2025-07-15,2025-07-15,0
2025-07-15,MixedDorm,1.0,0.0,0.0,5561.04,926.84,4,2025-07-15,2025-07-15,0
2025-07-16,MaleDorm,0.0,0.0,0.0,0.0,0.0,0,2025-07-16,2025-07-16,0
2025-07-16,FemaleDorm,0.0,0.0,0.0,0.0,0.0,0,2025-07-16,2025-07-16,0
2025-07-16,MixedDorm,1.0,0.0,0.0,5561.04,926.84,4,2025-07-16,2025-07-16,0
2025-07-17,MaleDorm,0.0,0.0,0.0,0.0,0.0,0,2025-07-17,2025-07-17,0
2025-07-17,FemaleDorm,0.0,0.0,0.0,0.0,0.0,0,2025-07-17,2025-07-17,0
2025-07-17,MixedDorm,0.0,0.0,0.0,0.0,0.0,0,2025-07-17,2025-07-17,0
2025-07-18,MaleDorm,0.0,0.0,0.0,0.0,0.0,0,2025-07-18,2025-07-18,0
2025-07-18,FemaleDorm,0.0,0.0,0.0,0.0,0.0,0,2025-07-18,2025-07-18,0
2025-07-18,MixedDorm,0.0,0.0,0.0,0.0,0.0,0,2025-07-18,2025-07-18,0
2025-07-19,MaleDorm,0.0,0.0,0.0,0.0,0.0,0,2025-07-19,2025-07-19,0
2025-07-19,FemaleDorm,0.0,1.0,0.0,0.0,0.0,0,2025-07-19,2025-07-19,0
2025-07-19,MixedDorm,0.25,0.0,0.0,1390.26,463.42,1,2025-07-19,2025-07-19,0
2025-07-20,MaleDorm,0.0,0.0,0.0,0.0,0.0,0,2025-07-20,2025-07-20,0
2025-07-20,FemaleDorm,0.0,1.0,0.0,0.0,0.0,0,2025-07-20,2025-07-20,0
2025-07-20,MixedDorm,0.25,0.0,0.0,1390.26,463.42,1,2025-07-20,2025-07-20,0
2025-07-21,MaleDorm,0.0,0.0,0.0,0.0,0.0,0,2025-07-21,2025-07-21,0
2025-07-21,FemaleDorm,0.0,1.0,0.0,0.0,0.0,0,2025-07-21,2025-07-21,0
2025-07-21,MixedDorm,0.25,0.0,0.0,1390.26,463.42,1,2025-07-21,2025-07-21,0
2025-07-22,MaleDorm,0.0,0.0,0.0,0.0,0.0,0,2025-07-22,2025-07-22,0
2025-07-22,FemaleDorm,0.0,0.0,0.0,0.0,0.0,0,2025-07-22,2025-07-22,0
2025-07-22,MixedDorm,0.0,0.0,0.0,0.0,0.0,0,2025-07-22,2025-07-22,0
2025-07-23,MaleDorm,0.0,0.0,0.0,0.0,0.0,0,2025-07-23,2025-07-23,0
2025-07-23,FemaleDorm,0.0,0.0,0.0,0.0,0.0,0,2025-07-23,2025-07-23,0
2025-07-23,MixedDorm,0.0,0.0,0.0,0.0,0.0,0,2025-07-23,2025-07-23,0
2025-07-24,MaleDorm,0.0,0.0,0.0,0.0,0.0,0,2025-07-24,2025-07-24,0
2025-07-24,FemaleDorm,0.0,0.0,0.0,0.0,0.0,0,2025-07-24,2025-07-24,0
2025-07-24,MixedDorm,0.0,0.0,0.0,0.0,0.0,0,2025-07-24,2025-07-24,0
2025-07-25,MaleDorm,0.0,0.0,0.0,0.0,0.0,0,2025-07-25,2025-07-25,0
2025-07-25,FemaleDorm,0.0,0.0,0.0,0.0,0.0,0,2025-07-25,2025-07-25,0
2025-07-25,MixedDorm,0.0,0.0,0.0,0.0,0.0,0,2025-07-25,2025-07-25,0
2025-07-26,MaleDorm,0.0,0.0,0.0,0.0,0.0,0,2025-07-26,2025-07-26,0
2025-07-26,FemaleDorm,0.0,0.0,0.0,0.0,0.0,0,2025-07-26,2025-07-26,0
2025-07-26,MixedDorm,0.0,0.0,0.0,0.0,0.0,0,2025-07-26,2025-07-26,0
2025-07-27,MaleDorm,0.0,0.0,0.0,0.0,0.0,0,2025-07-27,2025-07-27,0
2025-07-27,FemaleDorm,0.0,0.0,0.0,0.0,0.0,0,2025-07-27,2025-07-27,0
2025-07-27,MixedDorm,0.0,0.0,0.0,0.0,0.0,0,2025-07-27,2025-07-27,0
2025-07-28,MaleDorm,0.0,0.0,0.0,0.0,0.0,0,2025-07-28,2025-07-28,0
2025-07-28,FemaleDorm,0.0,0.0,0.0,0.0,0.0,0,2025-07-28,2025-07-28,0
2025-07-28,MixedDorm,0.0,0.0,0.0,0.0,0.0,0,2025-07-28,2025-07-28,0
2025-07-29,MaleDorm,0.0,0.0,0.0,0.0,0.0,0,2025-07-29,2025-07-29,0
2025-07-29,FemaleDorm,0.0,0.0,0.0,0.0,0.0,0,2025-07-29,2025-07-29,0
2025-07-29,MixedDorm,0.0,0.0,0.0,0.0,0.0,0,2025-07-29,2025-07-29,0
2025-07-30,MaleDorm,0.0,0.0,0.0,0.0,0.0,0,2025-07-30,2025-07-30,0
2025-07-30,FemaleDorm,0.25,0.0,0.0,1390.26,463.42,1,2025-07-30,2025-07-30,0
2025-07-30,MixedDorm,0.0,0.0,0.0,0.0,0.0,0,2025-07-30,2025-07-30,0
2025-07-31,MaleDorm,0.0,0.0,0.0,0.0,0.0,0,2025-07-31,2025-07-31,0
2025-07-31,FemaleDorm,0.25,0.0,0.0,1390.26,463.42,1,2025-07-31,2025-07-31,0
2025-07-31,MixedDorm,0.0,0.0,0.0,0.0,0.0,0,2025-07-31,2025-07-31,0
2025-08-01,MaleDorm,0.0,0.0,0.0,0.0,0.0,0,2025-08-01,2025-08-01,0
2025-08-01,FemaleDorm,0.25,0.0,0.0,1390.26,463.42,1,2025-08-01,2025-08-01,0
2025-08-01,MixedDorm,0.0,0.0,0.0,0.0,0.0,0,2025-08-01,2025-08-01,0
2025-08-02,MaleDorm,0.0,0.0,0.0,0.0,0.0,0,2025-08-02,2025-08-02,0
2025-08-02,FemaleDorm,0.0,0.0,0.0,0.0,0.0,0,2025-08-02,2025-08-02,0
2025-08-02,MixedDorm,0.0,0.0,0.0,0.0,0.0,0,2025-08-02,2025-08-02,0
2025-08-03,MaleDorm,0.0,0.0,0.0,0.0,0.0,0,2025-08-03,2025-08-03,0
2025-08-03,FemaleDorm,0.0,0.0,0.0,0.0,0.0,0,2025-08-03,2025-08-03,0
2025-08-03,MixedDorm,0.0,0.0,0.0,0.0,0.0,0,2025-08-03,2025-08-03,0
2025-08-04,MaleDorm,0.0,0.0,0.0,0.0,0.0,0,2025-08-04,2025-08-04,0
2025-08-04,FemaleDorm,0.0,0.0,0.0,0.0,0.0,0,2025-08-04,2025-08-04,0
2025-08-04,MixedDorm,0.0,0.0,0.0,0.0,0.0,0,2025-08-04,2025-08-04,0
2025-08-05,MaleDorm,0.0,0.0,0.0,0.0,0.0,0,2025-08-05,2025-08-05,0
2025-08-05,FemaleDorm,0.0,0.0,0.0,0.0,0.0,0,2025-08-05,2025-08-05,0
2025-08-05,MixedDorm,0.0,0.0,0.0,0.0,0.0,0,2025-08-05,2025-08-05,0
2025-08-06,MaleDorm,0.0,0.0,0.0,0.0,0.0,0,2025-08-06,2025-08-06,0
2025-08-06,FemaleDorm,0.0,0.0,0.0,0.0,0.0,0,2025-08-06,2025-08-06,0
2025-08-06,MixedDorm,0.0,0.0,0.0,0.0,0.0,0,2025-08-06,2025-08-06,0
2025-08-07,MaleDorm,0.0,0.0,0.0,0.0,0.0,0,2025-08-07,2025-08-07,0
2025-08-07,FemaleDorm,0.0,0.0,0.0,0.0,0.0,0,2025-08-07,2025-08-07,0
2025-08-07,MixedDorm,0.0,0.0,0.0,0.0,0.0,0,2025-08-07,2025-08-07,0
2025-08-08,MaleDorm,0.0,0.0,0.0,0.0,0.0,0,2025-08-08,2025-08-08,0
2025-08-08,FemaleDorm,0.0,0.0,0.0,0.0,0.0,0,2025-08-08,2025-08-08,0
2025-08-08,MixedDorm,0.0,0.0,0.0,0.0,0.0,0,2025-08-08,2025-08-08,0
2025-08-09,MaleDorm,0.0,0.0,0.0,0.0,0.0,0,2025-08-09,2025-08-09,0
2025-08-09,FemaleDorm,0.0,0.0,0.0,0.0,0.0,0,2025-08-09,2025-08-09,0
2025-08-09,MixedDorm,0.0,0.0,0.0,0.0,0.0,0,2025-08-09,2025-08-09,0
2025-08-10,MaleDorm,0.0,0.0,0.0,0.0,0.0,0,2025-08-10,2025-08-10,0
2025-08-10,FemaleDorm,0.0,0.0,0.0,0.0,0.0,0,2025-08-10,2025-08-10,0
2025-08-10,MixedDorm,0.0,0.0,0.0,0.0,0.0,0,2025-08-10,2025-08-10,0
2025-08-11,MaleDorm,0.0,0.0,0.0,0.0,0.0,0,2025-08-11,2025-08-11,0
2025-08-11,FemaleDorm,0.0,0.0,0.0,0.0,0.0,0,2025-08-11,2025-08-11,0
2025-08-11,MixedDorm,0.0,0.0,0.0,0.0,0.0,0,2025-08-11,2025-08-11,0
2025-08-12,MaleDorm,0.0,0.0,0.0,0.0,0.0,0,2025-08-12,2025-08-12,0
2025-08-12,FemaleDorm,0.0,0.0,0.0,0.0,0.0,0,2025-08-12,2025-08-12,0
2025-08-12,MixedDorm,0.0,0.0,0.0,0.0,0.0,0,2025-08-12,2025-08-12,0
2025-08-13,MaleDorm,0.0,0.0,0.0,0.0,0.0,0,2025-08-13,2025-08-13,0
2025-08-13,FemaleDorm,0.0,0.0,0.0,0.0,0.0,0,2025-08-13,2025-08-13,0
2025-08-13,MixedDorm,0.0,0.0,0.0,0.0,0.0,0,2025-08-13,2025-08-13,0
2025-08-14,MaleDorm,0.0,0.0,0.0,0.0,0.0,0,2025-08-14,2025-08-14,0
2025-08-14,FemaleDorm,0.0,0.0,0.0,0.0,0.0,0,2025-08-14,2025-08-14,0
2025-08-14,MixedDorm,0.0,0.0,0.0,0.0,0.0,0,2025-08-14,2025-08-14,0
2025-08-15,MaleDorm,0.0,0.0,0.0,0.0,0.0,0,2025-08-15,2025-08-15,0
2025-08-15,FemaleDorm,0.0,0.0,0.0,0.0,0.0,0,2025-08-15,2025-08-15,0
2025-08-15,MixedDorm,0.0,0.0,0.0,0.0,0.0,0,2025-08-15,2025-08-15,0
2025-08-16,MaleDorm,0.0,0.0,0.0,0.0,0.0,0,2025-08-16,2025-08-16,0
2025-08-16,FemaleDorm,0.0,0.0,0.0,0.0,0.0,0,2025-08-16,2025-08-16,0
2025-08-16,MixedDorm,0.0,0.0,0.0,0.0,0.0,0,2025-08-16,2025-08-16,0
2025-08-17,MaleDorm,0.0,0.0,0.0,0.0,0.0,0,2025-08-17,2025-08-17,0
2025-08-17,FemaleDorm,0.0,0.0,0.0,0.0,0.0,0,2025-08-17,2025-08-17,0
2025-08-17,MixedDorm,0.0,0.0,0.0,0.0,0.0,0,2025-08-17,2025-08-17,0
2025-08-18,MaleDorm,0.0,0.0,0.0,0.0,0.0,0,2025-08-18,2025-08-18,0
2025-08-18,FemaleDorm,0.0,0.0,0.0,0.0,0.0,0,2025-08-18,2025-08-18,0
2025-08-18,MixedDorm,0.0,0.0,0.0,0.0,0.0,0,2025-08-18,2025-08-18,0
2025-08-19,MaleDorm,0.0,0.0,0.0,0.0,0.0,0,2025-08-19,2025-08-19,0
2025-08-19,FemaleDorm,0.0,0.0,0.0,0.0,0.0,0,2025-08-19,2025-08-19,0
2025-08-19,MixedDorm,0.0,0.0,0.0,0.0,0.0,0,2025-08-19,2025-08-19,0
2025-08-20,MaleDorm,0.0,0.0,0.0,0.0,0.0,0,2025-08-20,2025-08-20,0
2025-08-20,FemaleDorm,0.0,0.0,0.0,0.0,0.0,0,2025-08-20,2025-08-20,0
2025-08-20,MixedDorm,0.0,0.0,0.0,0.0,0.0,0,2025-08-20,2025-08-20,0
2025-08-21,MaleDorm,0.0,0.0,0.0,0.0,0.0,0,2025-08-21,2025-08-21,0
2025-08-21,FemaleDorm,0.0,0.0,0.0,0.0,0.0,0,2025-08-21,2025-08-21,0
2025-08-21,MixedDorm,0.0,0.0,0.0,0.0,0.0,0,2025-08-21,2025-08-21,0
2025-08-22,MaleDorm,0.0,0.0,0.0,0.0,0.0,0,2025-08-22,2025-08-22,0
2025-08-22,FemaleDorm,0.0,0.0,0.0,0.0,0.0,0,2025-08-22,2025-08-22,0
2025-08-22,MixedDorm,0.0,0.0,0.0,0.0,0.0,0,2025-08-22,2025-08-22,0
2025-08-23,MaleDorm,0.0,0.0,0.0,0.0,0.0,0,2025-08-23,2025-08-23,0
2025-08-23,FemaleDorm,0.0,0.0,0.0,0.0,0.0,0,2025-08-23,2025-08-23,0
2025-08-23,MixedDorm,0.0,0.0,0.0,0.0,0.0,0,2025-08-23,2025-08-23,0
2025-08-24,MaleDorm,0.0,0.0,0.0,0.0,0.0,0,2025-08-24,2025-08-24,0
2025-08-24,FemaleDorm,0.0,0.0,0.0,0.0,0.0,0,2025-08-24,2025-08-24,0
2025-08-24,MixedDorm,0.0,0.0,0.0,0.0,0.0,0,2025-08-24,2025-08-24,0
2025-08-25,MaleDorm,0.0,0.0,0.0,0.0,0.0,0,2025-08-25,2025-08-25,0
2025-08-25,FemaleDorm,0.0,0.0,0.0,0.0,0.0,0,2025-08-25,2025-08-25,0
2025-08-25,MixedDorm,0.0,0.0,0.0,0.0,0.0,0,2025-08-25,2025-08-25,0
2025-08-26,MaleDorm,0.0,0.0,0.0,0.0,0.0,0,2025-08-26,2025-08-26,0
2025-08-26,FemaleDorm,0.0,0.0,0.0,0.0,0.0,0,2025-08-26,2025-08-26,0
2025-08-26,MixedDorm,0.0,0.0,0.0,0.0,0.0,0,2025-08-26,2025-08-26,0
2025-08-27,MaleDorm,0.0,0.0,0.0,0.0,0.0,0,2025-08-27,2025-08-27,0
2025-08-27,FemaleDorm,0.0,0.0,0.0,0.0,0.0,0,2025-08-27,2025-08-27,0
2025-08-27,MixedDorm,0.0,0.0,0.0,0.0,0.0,0,2025-08-27,2025-08-27,0
2025-08-28,MaleDorm,0.0,0.0,0.0,0.0,0.0,0,2025-08-28,2025-08-28,0
2025-08-28,FemaleDorm,0.0,0.0,0.0,0.0,0.0,0,2025-08-28,2025-08-28,0
2025-08-28,MixedDorm,0.0,0.0,0.0,0.0,0.0,0,2025-08-28,2025-08-28,0
2025-08-29,MaleDorm,0.0,0.0,0.0,0.0,0.0,0,2025-08-29,2025-08-29,0
2025-08-29,FemaleDorm,0.0,0.0,0.0,0.0,0.0,0,2025-08-29,2025-08-29,0
2025-08-29,MixedDorm,0.0,0.0,0.0,0.0,0.0,0,2025-08-29,2025-08-29,0
2025-08-30,MaleDorm,0.0,0.0,0.0,0.0,0.0,0,2025-08-30,2025-08-30,0
2025-08-30,FemaleDorm,0.0,0.0,0.0,0.0,0.0,0,2025-08-30,2025-08-30,0
2025-08-30,MixedDorm,0.0,0.0,0.0,0.0,0.0,0,2025-08-30,2025-08-30,0
2025-08-31,MaleDorm,0.0,0.0,0.0,0.0,0.0,0,2025-08-31,2025-08-31,0
2025-08-31,FemaleDorm,0.0,0.0,0.0,0.0,0.0,0,2025-08-31,2025-08-31,0
2025-08-31,MixedDorm,0.25,0.0,0.0,1853.68,463.42,1,2025-08-31,2025-08-31,0
2025-09-01,MaleDorm,0.0,0.0,0.0,0.0,0.0,0,2025-09-01,2025-09-01,0
2025-09-01,FemaleDorm,0.0,0.0,0.0,0.0,0.0,0,2025-09-01,2025-09-01,0
2025-09-01,MixedDorm,0.25,0.0,0.0,1853.68,463.42,1,2025-09-01,2025-09-01,0
2025-09-02,MaleDorm,0.0,0.0,0.0,0.0,0.0,0,2025-09-02,2025-09-02,0
2025-09-02,FemaleDorm,0.0,0.0,0.0,0.0,0.0,0,2025-09-02,2025-09-02,0
2025-09-02,MixedDorm,0.25,0.0,0.0,1853.68,463.42,1,2025-09-02,2025-09-02,0
2025-09-03,MaleDorm,0.0,0.0,0.0,0.0,0.0,0,2025-09-03,2025-09-03,0
2025-09-03,FemaleDorm,0.0,0.0,0.0,0.0,0.0,0,2025-09-03,2025-09-03,0
2025-09-03,MixedDorm,0.25,0.0,0.0,1853.68,463.42,1,2025-09-03,2025-09-03,0
2025-09-04,MaleDorm,0.0,0.0,0.0,0.0,0.0,0,2025-09-04,2025-09-04,0
2025-09-04,FemaleDorm,0.0,0.0,0.0,0.0,0.0,0,2025-09-04,2025-09-04,0
2025-09-04,MixedDorm,0.0,0.0,0.0,0.0,0.0,0,2025-09-04,2025-09-04,0
2025-09-05,MaleDorm,0.0,0.0,0.0,0.0,0.0,0,2025-09-05,2025-09-05,0
2025-09-05,FemaleDorm,0.0,0.0,0.0,0.0,0.0,0,2025-09-05,2025-09-05,0
2025-09-05,MixedDorm,0.0,0.0,0.0,0.0,0.0,0,2025-09-05,2025-09-05,0
2025-09-06,MaleDorm,0.0,0.0,0.0,0.0,0.0,0,2025-09-06,2025-09-06,0
2025-09-06,FemaleDorm,0.0,0.0,0.0,0.0,0.0,0,2025-09-06,2025-09-06,0
2025-09-06,MixedDorm,0.0,0.0,0.0,0.0,0.0,0,2025-09-06,2025-09-06,0
2025-09-07,MaleDorm,0.0,0.0,0.0,0.0,0.0,0,2025-09-07,2025-09-07,0
2025-09-07,FemaleDorm,0.0,0.0,0.0,0.0,0.0,0,2025-09-07,2025-09-07,0
2025-09-07,MixedDorm,0.0,0.0,0.0,0.0,0.0,0,2025-09-07,2025-09-07,0
2025-09-08,MaleDorm,0.0,0.0,0.0,0.0,0.0,0,2025-09-08,2025-09-08,0
2025-09-08,FemaleDorm,0.0,0.0,0.0,0.0,0.0,0,2025-09-08,2025-09-08,0
2025-09-08,MixedDorm,0.0,0.0,0.0,0.0,0.0,0,2025-09-08,2025-09-08,0
2025-09-09,MaleDorm,0.0,0.0,0.0,0.0,0.0,0,2025-09-09,2025-09-09,0
2025-09-09,FemaleDorm,0.0,0.0,0.0,0.0,0.0,0,2025-09-09,2025-09-09,0
2025-09-09,MixedDorm,0.0,0.0,0.0,0.0,0.0,0,2025-09-09,2025-09-09,0
2025-09-10,MaleDorm,0.0,0.0,0.0,0.0,0.0,0,2025-09-10,2025-09-10,0
2025-09-10,FemaleDorm,0.0,0.0,0.0,0.0,0.0,0,2025-09-10,2025-09-10,0
2025-09-10,MixedDorm,0.0,0.0,0.0,0.0,0.0,0,2025-09-10,2025-09-10,0
2025-09-11,MaleDorm,0.0,0.0,0.0,0.0,0.0,0,2025-09-11,2025-09-11,0
2025-09-11,FemaleDorm,0.0,0.0,0.0,0.0,0.0,0,2025-09-11,2025-09-11,0
2025-09-11,MixedDorm,0.0,0.0,0.0,0.0,0.0,0,2025-09-11,2025-09-11,0
2025-09-12,MaleDorm,0.0,0.0,0.0,0.0,0.0,0,2025-09-12,2025-09-12,0
2025-09-12,FemaleDorm,0.0,0.0,0.0,0.0,0.0,0,2025-09-12,2025-09-12,0
2025-09-12,MixedDorm,0.0,0.0,0.0,0.0,0.0,0,2025-09-12,2025-09-12,0
2025-09-13,MaleDorm,0.0,0.0,0.0,0.0,0.0,0,2025-09-13,2025-09-13,0
2025-09-13,FemaleDorm,0.0,0.0,0.0,0.0,0.0,0,2025-09-13,2025-09-13,0
2025-09-13,MixedDorm,0.0,0.0,0.0,0.0,0.0,0,2025-09-13,2025-09-13,0
2025-09-14,MaleDorm,0.0,0.0,0.0,0.0,0.0,0,2025-09-14,2025-09-14,0
2025-09-14,FemaleDorm,0.0,0.0,0.0,0.0,0.0,0,2025-09-14,2025-09-14,0
2025-09-14,MixedDorm,0.0,0.0,0.0,0.0,0.0,0,2025-09-14,2025-09-14,0
2025-09-15,MaleDorm,0.0,0.0,0.0,0.0,0.0,0,2025-09-15,2025-09-15,0
2025-09-15,FemaleDorm,0.0,0.0,0.0,0.0,0.0,0,2025-09-15,2025-09-15,0
2025-09-15,MixedDorm,0.0,0.0,0.0,0.0,0.0,0,2025-09-15,2025-09-15,0
2025-09-16,MaleDorm,0.0,0.0,0.0,0.0,0.0,0,2025-09-16,2025-09-16,0
2025-09-16,FemaleDorm,0.0,0.0,0.0,0.0,0.0,0,2025-09-16,2025-09-16,0
2025-09-16,MixedDorm,0.0,0.0,0.0,0.0,0.0,0,2025-09-16,2025-09-16,0
2025-09-17,MaleDorm,0.0,0.0,0.0,0.0,0.0,0,2025-09-17,2025-09-17,0
2025-09-17,FemaleDorm,0.0,0.0,0.0,0.0,0.0,0,2025-09-17,2025-09-17,0
2025-09-17,MixedDorm,0.0,0.0,0.0,0.0,0.0,0,2025-09-17,2025-09-17,0
2025-09-18,MaleDorm,0.0,0.0,0.0,0.0,0.0,0,2025-09-18,2025-09-18,0
2025-09-18,FemaleDorm,0.0,0.0,0.0,0.0,0.0,0,2025-09-18,2025-09-18,0
2025-09-18,MixedDorm,0.0,0.0,0.0,0.0,0.0,0,2025-09-18,2025-09-18,0
2025-09-19,MaleDorm,0.0,0.0,0.0,0.0,0.0,0,2025-09-19,2025-09-19,0
2025-09-19,FemaleDorm,0.0,0.0,0.0,0.0,0.0,0,2025-09-19,2025-09-19,0
2025-09-19,MixedDorm,0.0,0.0,0.0,0.0,0.0,0,2025-09-19,2025-09-19,0
2025-09-20,MaleDorm,0.0,0.0,0.0,0.0,0.0,0,2025-09-20,2025-09-20,0
2025-09-20,FemaleDorm,0.0,0.0,0.0,0.0,0.0,0,2025-09-20,2025-09-20,0
2025-09-20,MixedDorm,0.0,0.0,0.0,0.0,0.0,0,2025-09-20,2025-09-20,0
2025-09-21,MaleDorm,0.0,0.0,0.0,0.0,0.0,0,2025-09-21,2025-09-21,0
2025-09-21,FemaleDorm,0.0,0.0,0.0,0.0,0.0,0,2025-09-21,2025-09-21,0
2025-09-21,MixedDorm,0.0,0.0,0.0,0.0,0.0,0,2025-09-21,2025-09-21,0
2025-09-22,MaleDorm,0.0,0.0,0.0,0.0,0.0,0,2025-09-22,2025-09-22,0
2025-09-22,FemaleDorm,0.0,0.0,0.0,0.0,0.0,0,2025-09-22,2025-09-22,0
2025-09-22,MixedDorm,0.0,0.0,0.0,0.0,0.0,0,2025-09-22,2025-09-22,0
2025-09-23,MaleDorm,0.0,0.0,0.0,0.0,0.0,0,2025-09-23,2025-09-23,0
2025-09-23,FemaleDorm,0.0,0.0,0.0,0.0,0.0,0,2025-09-23,2025-09-23,0
2025-09-23,MixedDorm,0.0,0.0,0.0,0.0,0.0,0,2025-09-23,2025-09-23,0
2025-09-24,MaleDorm,0.0,0.0,0.0,0.0,0.0,0,2025-09-24,2025-09-24,0
2025-09-24,FemaleDorm,0.0,0.0,0.0,0.0,0.0,0,2025-09-24,2025-09-24,0
2025-09-24,MixedDorm,0.0,0.0,0.0,0.0,0.0,0,2025-09-24,2025-09-24,0
2025-09-25,MaleDorm,0.0,0.0,0.0,0.0,0.0,0,2025-09-25,2025-09-25,0
2025-09-25,FemaleDorm,0.0,0.0,0.0,0.0,0.0,0,2025-09-25,2025-09-25,0
2025-09-25,MixedDorm,0.0,0.0,0.0,0.0,0.0,0,2025-09-25,2025-09-25,0
2025-09-26,MaleDorm,0.0,0.0,0.0,0.0,0.0,0,2025-09-26,2025-09-26,0
2025-09-26,FemaleDorm,0.0,0.0,0.0,0.0,0.0,0,2025-09-26,2025-09-26,0
2025-09-26,MixedDorm,0.0,0.0,0.0,0.0,0.0,0,2025-09-26,2025-09-26,0
2025-09-27,MaleDorm,0.0,0.0,0.0,0.0,0.0,0,2025-09-27,2025-09-27,0
2025-09-27,FemaleDorm,0.0,0.0,0.0,0.0,0.0,0,2025-09-27,2025-09-27,0
2025-09-27,MixedDorm,0.0,0.0,0.0,0.0,0.0,0,2025-09-27,2025-09-27,0
2025-09-28,MaleDorm,0.0,0.0,0.0,0.0,0.0,0,2025-09-28,2025-09-28,0
2025-09-28,FemaleDorm,0.0,1.0,0.0,0.0,0.0,0,2025-09-28,2025-09-28,0
2025-09-28,MixedDorm,0.0,1.0,0.0,0.0,0.0,0,2025-09-28,2025-09-28,0
2025-09-29,MaleDorm,0.0,0.0,0.0,0.0,0.0,0,2025-09-29,2025-09-29,0
2025-09-29,FemaleDorm,0.0,1.0,0.0,0.0,0.0,0,2025-09-29,2025-09-29,0
2025-09-29,MixedDorm,0.0,1.0,0.0,0.0,0.0,0,2025-09-29,2025-09-29,0
2025-09-30,MaleDorm,0.0,0.0,0.0,0.0,0.0,0,2025-09-30,2025-09-30,0
2025-09-30,FemaleDorm,0.0,1.0,0.0,0.0,0.0,0,2025-09-30,2025-09-30,0
2025-09-30,MixedDorm,0.0,1.0,0.0,0.0,0.0,0,2025-09-30,2025-09-30,0
2025-10-01,MaleDorm,0.0,0.0,0.0,0.0,0.0,0,2025-10-01,2025-10-01,0
2025-10-01,FemaleDorm,0.0,0.0,0.0,0.0,0.0,0,2025-10-01,2025-10-01,0
2025-10-01,MixedDorm,0.0,0.0,0.0,0.0,0.0,0,2025-10-01,2025-10-01,0
2025-10-02,MaleDorm,0.0,0.0,0.0,0.0,0.0,0,2025-10-02,2025-10-02,0
2025-10-02,FemaleDorm,0.0,0.0,0.0,0.0,0.0,0,2025-10-02,2025-10-02,0
2025-10-02,MixedDorm,0.0,0.0,0.0,0.0,0.0,0,2025-10-02,2025-10-02,0
2025-10-03,MaleDorm,0.0,0.0,0.0,0.0,0.0,0,2025-10-03,2025-10-03,0
2025-10-03,FemaleDorm,0.0,0.0,0.0,0.0,0.0,0,2025-10-03,2025-10-03,0
2025-10-03,MixedDorm,0.0,0.0,0.0,0.0,0.0,0,2025-10-03,2025-10-03,0
2025-10-04,MaleDorm,0.0,0.0,0.0,0.0,0.0,0,2025-10-04,2025-10-04,0
2025-10-04,FemaleDorm,0.0,0.0,0.0,0.0,0.0,0,2025-10-04,2025-10-04,0
2025-10-04,MixedDorm,0.0,0.0,0.0,0.0,0.0,0,2025-10-04,2025-10-04,0
2025-10-05,MaleDorm,0.0,0.0,0.0,0.0,0.0,0,2025-10-05,2025-10-05,0
2025-10-05,FemaleDorm,0.0,0.0,0.0,0.0,0.0,0,2025-10-05,2025-10-05,0
2025-10-05,MixedDorm,0.0,0.0,0.0,0.0,0.0,0,2025-10-05,2025-10-05,0
2025-10-06,MaleDorm,0.0,0.0,0.0,0.0,0.0,0,2025-10-06,2025-10-06,0
2025-10-06,FemaleDorm,0.0,0.0,0.0,0.0,0.0,0,2025-10-06,2025-10-06,0
2025-10-06,MixedDorm,0.0,0.0,0.0,0.0,0.0,0,2025-10-06,2025-10-06,0
2025-10-07,MaleDorm,0.0,0.0,0.0,0.0,0.0,0,2025-10-07,2025-10-07,0
2025-10-07,FemaleDorm,0.0,0.0,0.0,0.0,0.0,0,2025-10-07,2025-10-07,0
2025-10-07,MixedDorm,0.0,0.0,0.0,0.0,0.0,0,2025-10-07,2025-10-07,0
2025-10-08,MaleDorm,0.0,0.0,0.0,0.0,0.0,0,2025-10-08,2025-10-08,0
2025-10-08,FemaleDorm,0.0,0.0,0.0,0.0,0.0,0,2025-10-08,2025-10-08,0
2025-10-08,MixedDorm,0.0,0.0,0.0,0.0,0.0,0,2025-10-08,2025-10-08,0
2025-10-09,MaleDorm,0.0,0.0,0.0,0.0,0.0,0,2025-10-09,2025-10-09,0
2025-10-09,FemaleDorm,0.0,0.0,0.0,0.0,0.0,0,2025-10-09,2025-10-09,0
2025-10-09,MixedDorm,0.0,0.0,0.0,0.0,0.0,0,2025-10-09,2025-10-09,0
2025-10-10,MaleDorm,0.0,0.0,0.0,0.0,0.0,0,2025-10-10,2025-10-10,0
2025-10-10,FemaleDorm,0.0,0.0,0.0,0.0,0.0,0,2025-10-10,2025-10-10,0
2025-10-10,MixedDorm,0.0,0.0,0.0,0.0,0.0,0,2025-10-10,2025-10-10,0
2025-10-11,MaleDorm,0.0,0.0,0.0,0.0,0.0,0,2025-10-11,2025-10-11,0
2025-10-11,FemaleDorm,0.0,0.0,0.0,0.0,0.0,0,2025-10-11,2025-10-11,0
2025-10-11,MixedDorm,0.0,0.0,0.0,0.0,0.0,0,2025-10-11,2025-10-11,0
2025-10-12,MaleDorm,0.0,0.0,0.0,0.0,0.0,0,2025-10-12,2025-10-12,0
2025-10-12,FemaleDorm,0.0,0.0,0.0,0.0,0.0,0,2025-10-12,2025-10-12,0
2025-10-12,MixedDorm,0.0,0.0,0.0,0.0,0.0,0,2025-10-12,2025-10-12,0
2025-10-13,MaleDorm,0.0,0.0,0.0,0.0,0.0,0,2025-10-13,2025-10-13,0
2025-10-13,FemaleDorm,0.0,0.0,0.0,0.0,0.0,0,2025-10-13,2025-10-13,0
2025-10-13,MixedDorm,0.0,0.0,0.0,0.0,0.0,0,2025-10-13,2025-10-13,0
2025-10-14,MaleDorm,0.0,0.0,0.0,0.0,0.0,0,2025-10-14,2025-10-14,0
2025-10-14,FemaleDorm,0.0,0.0,0.0,0.0,0.0,0,2025-10-14,2025-10-14,0
2025-10-14,MixedDorm,0.0,0.0,0.0,0.0,0.0,0,2025-10-14,2025-10-14,0
2025-10-15,MaleDorm,0.0,0.0,0.0,0.0,0.0,0,2025-10-15,2025-10-15,0
2025-10-15,FemaleDorm,0.0,0.0,0.0,0.0,0.0,0,2025-10-15,2025-10-15,0
2025-10-15,MixedDorm,0.0,0.0,0.0,0.0,0.0,0,2025-10-15,2025-10-15,0
2025-10-16,MaleDorm,0.0,0.0,0.0,0.0,0.0,0,2025-10-16,2025-10-16,0
2025-10-16,FemaleDorm,0.0,0.0,0.0,0.0,0.0,0,2025-10-16,2025-10-16,0
2025-10-16,MixedDorm,0.0,0.0,0.0,0.0,0.0,0,2025-10-16,2025-10-16,0
2025-10-17,MaleDorm,0.0,0.0,0.0,0.0,0.0,0,2025-10-17,2025-10-17,0
2025-10-17,FemaleDorm,0.0,0.0,0.0,0.0,0.0,0,2025-10-17,2025-10-17,0
2025-10-17,MixedDorm,0.0,0.0,0.0,0.0,0.0,0,2025-10-17,2025-10-17,0
2025-10-18,MaleDorm,0.0,0.0,0.0,0.0,0.0,0,2025-10-18,2025-10-18,0
2025-10-18,FemaleDorm,0.0,0.0,0.0,0.0,0.0,0,2025-10-18,2025-10-18,0
2025-10-18,MixedDorm,0.0,0.0,0.0,0.0,0.0,0,2025-10-18,2025-10-18,0
2025-10-19,MaleDorm,0.0,0.0,0.0,0.0,0.0,0,2025-10-19,2025-10-19,0
2025-10-19,FemaleDorm,0.0,0.0,0.0,0.0,0.0,0,2025-10-19,2025-10-19,0
2025-10-19,MixedDorm,0.0,0.0,0.0,0.0,0.0,0,2025-10-19,2025-10-19,0
2025-10-20,MaleDorm,0.0,0.0,0.0,0.0,0.0,0,2025-10-20,2025-10-20,0
2025-10-20,FemaleDorm,0.0,0.0,0.0,0.0,0.0,0,2025-10-20,2025-10-20,0
2025-10-20,MixedDorm,0.0,0.0,0.0,0.0,0.0,0,2025-10-20,2025-10-20,0
2025-10-21,MaleDorm,0.0,0.0,0.0,0.0,0.0,0,2025-10-21,2025-10-21,0
2025-10-21,FemaleDorm,0.0,0.0,0.0,0.0,0.0,0,2025-10-21,2025-10-21,0
2025-10-21,MixedDorm,0.0,0.0,0.0,0.0,0.0,0,2025-10-21,2025-10-21,0
2025-10-22,MaleDorm,0.0,0.0,0.0,0.0,0.0,0,2025-10-22,2025-10-22,0
2025-10-22,FemaleDorm,0.0,0.0,0.0,0.0,0.0,0,2025-10-22,2025-10-22,0
2025-10-22,MixedDorm,0.0,0.0,0.0,0.0,0.0,0,2025-10-22,2025-10-22,0
2025-10-23,MaleDorm,0.0,0.0,0.0,0.0,0.0,0,2025-10-23,2025-10-23,0
2025-10-23,FemaleDorm,0.0,0.0,0.0,0.0,0.0,0,2025-10-23,2025-10-23,0
2025-10-23,MixedDorm,0.0,0.0,0.0,0.0,0.0,0,2025-10-23,2025-10-23,0
2025-10-24,MaleDorm,0.0,0.0,0.0,0.0,0.0,0,2025-10-24,2025-10-24,0
2025-10-24,FemaleDorm,0.0,0.0,0.0,0.0,0.0,0,2025-10-24,2025-10-24,0
2025-10-24,MixedDorm,0.0,0.0,0.0,0.0,0.0,0,2025-10-24,2025-10-24,0
2025-10-25,MaleDorm,0.0,0.0,0.0,0.0,0.0,0,2025-10-25,2025-10-25,0
2025-10-25,FemaleDorm,0.0,0.0,0.0,0.0,0.0,0,2025-10-25,2025-10-25,0
2025-10-25,MixedDorm,0.0,0.0,0.0,0.0,0.0,0,2025-10-25,2025-10-25,0
2025-10-26,MaleDorm,0.0,0.0,0.0,0.0,0.0,0,2025-10-26,2025-10-26,0
2025-10-26,FemaleDorm,0.0,0.0,0.0,0.0,0.0,0,2025-10-26,2025-10-26,0
2025-10-26,MixedDorm,0.0,0.0,0.0,0.0,0.0,0,2025-10-26,2025-10-26,0
2025-10-27,MaleDorm,0.0,0.0,0.0,0.0,0.0,0,2025-10-27,2025-10-27,0
2025-10-27,FemaleDorm,0.0,0.0,0.0,0.0,0.0,0,2025-10-27,2025-10-27,0
2025-10-27,MixedDorm,0.0,0.0,0.0,0.0,0.0,0,2025-10-27,2025-10-27,0
2025-10-28,MaleDorm,0.0,0.0,0.0,0.0,0.0,0,2025-10-28,2025-10-28,0
2025-10-28,FemaleDorm,0.0,0.0,0.0,0.0,0.0,0,2025-10-28,2025-10-28,0
2025-10-28,MixedDorm,0.0,0.0,0.0,0.0,0.0,0,2025-10-28,2025-10-28,0
2025-10-29,MaleDorm,0.0,0.0,0.0,0.0,0.0,0,2025-10-29,2025-10-29,0
2025-10-29,FemaleDorm,0.0,0.0,0.0,0.0,0.0,0,2025-10-29,2025-10-29,0
2025-10-29,MixedDorm,0.0,0.0,0.0,0.0,0.0,0,2025-10-29,2025-10-29,0
2025-10-30,MaleDorm,0.0,0.0,0.0,0.0,0.0,0,2025-10-30,2025-10-30,0
2025-10-30,FemaleDorm,0.0,0.0,0.0,0.0,0.0,0,2025-10-30,2025-10-30,0
2025-10-30,MixedDorm,0.0,0.0,0.0,0.0,0.0,0,2025-10-30,2025-10-30,0
2025-10-31,MaleDorm,0.0,0.0,0.0,0.0,0.0,0,2025-10-31,2025-10-31,0
2025-10-31,FemaleDorm,0.0,0.0,0.0,0.0,0.0,0,2025-10-31,2025-10-31,0
2025-10-31,MixedDorm,0.0,0.0,0.0,0.0,0.0,0,2025-10-31,2025-10-31,0
2025-11-01,MaleDorm,0.0,0.0,0.0,0.0,0.0,0,2025-11-01,2025-11-01,0
2025-11-01,FemaleDorm,0.0,0.0,0.0,0.0,0.0,0,2025-11-01,2025-11-01,0
2025-11-01,MixedDorm,0.0,0.0,0.0,0.0,0.0,0,2025-11-01,2025-11-01,0
2025-11-02,MaleDorm,0.0,0.0,0.0,0.0,0.0,0,2025-11-02,2025-11-02,0
2025-11-02,FemaleDorm,0.0,0.0,0.0,0.0,0.0,0,2025-11-02,2025-11-02,0
2025-11-02,MixedDorm,0.0,0.0,0.0,0.0,0.0,0,2025-11-02,2025-11-02,0
2025-11-03,MaleDorm,0.0,0.0,0.0,0.0,0.0,0,2025-11-03,2025-11-03,0
2025-11-03,FemaleDorm,0.0,0.0,0.0,0.0,0.0,0,2025-11-03,2025-11-03,0
2025-11-03,MixedDorm,0.0,0.0,0.0,0.0,0.0,0,2025-11-03,2025-11-03,0
2025-11-04,MaleDorm,0.0,0.0,0.0,0.0,0.0,0,2025-11-04,2025-11-04,0
2025-11-04,FemaleDorm,0.0,0.0,0.0,0.0,0.0,0,2025-11-04,2025-11-04,0
2025-11-04,MixedDorm,0.0,0.0,0.0,0.0,0.0,0,2025-11-04,2025-11-04,0
2025-11-05,MaleDorm,0.0,0.0,0.0,0.0,0.0,0,2025-11-05,2025-11-05,0
2025-11-05,FemaleDorm,0.0,0.0,0.0,0.0,0.0,0,2025-11-05,2025-11-05,0
2025-11-05,MixedDorm,0.0,0.0,0.0,0.0,0.0,0,2025-11-05,2025-11-05,0
2025-11-06,MaleDorm,0.0,0.0,0.0,0.0,0.0,0,2025-11-06,2025-11-06,0
2025-11-06,FemaleDorm,0.0,0.0,0.0,0.0,0.0,0,2025-11-06,2025-11-06,0
2025-11-06,MixedDorm,0.0,0.0,0.0,0.0,0.0,0,2025-11-06,2025-11-06,0
2025-11-07,MaleDorm,0.0,0.0,0.0,0.0,0.0,0,2025-11-07,2025-11-07,0
2025-11-07,FemaleDorm,0.0,0.0,0.0,0.0,0.0,0,2025-11-07,2025-11-07,0
2025-11-07,MixedDorm,0.0,0.0,0.0,0.0,0.0,0,2025-11-07,2025-11-07,0
2025-11-08,MaleDorm,0.0,0.0,0.0,0.0,0.0,0,2025-11-08,2025-11-08,0
2025-11-08,FemaleDorm,0.0,0.0,0.0,0.0,0.0,0,2025-11-08,2025-11-08,0
2025-11-08,MixedDorm,0.0,0.0,0.0,0.0,0.0,0,2025-11-08,2025-11-08,0
2025-11-09,MaleDorm,0.0,0.0,0.0,0.0,0.0,0,2025-11-09,2025-11-09,0
2025-11-09,FemaleDorm,0.0,0.0,0.0,0.0,0.0,0,2025-11-09,2025-11-09,0
2025-11-09,MixedDorm,0.0,0.0,0.0,0.0,0.0,0,2025-11-09,2025-11-09,0
2025-11-10,MaleDorm,0.0,0.0,0.0,0.0,0.0,0,2025-11-10,2025-11-10,0
2025-11-10,FemaleDorm,0.0,0.0,0.0,0.0,0.0,0,2025-11-10,2025-11-10,0
2025-11-10,MixedDorm,0.0,0.0,0.0,0.0,0.0,0,2025-11-10,2025-11-10,0
2025-11-11,MaleDorm,0.0,0.0,0.0,0.0,0.0,0,2025-11-11,2025-11-11,0
2025-11-11,FemaleDorm,0.0,0.0,0.0,0.0,0.0,0,2025-11-11,2025-11-11,0
2025-11-11,MixedDorm,0.0,0.0,0.0,0.0,0.0,0,2025-11-11,2025-11-11,0
2025-11-12,MaleDorm,0.0,0.0,0.0,0.0,0.0,0,2025-11-12,2025-11-12,0
2025-11-12,FemaleDorm,0.0,0.0,0.0,0.0,0.0,0,2025-11-12,2025-11-12,0
2025-11-12,MixedDorm,0.0,0.0,0.0,0.0,0.0,0,2025-11-12,2025-11-12,0
2025-11-13,MaleDorm,0.0,0.0,0.0,0.0,0.0,0,2025-11-13,2025-11-13,0
2025-11-13,FemaleDorm,0.0,0.0,0.0,0.0,0.0,0,2025-11-13,2025-11-13,0
2025-11-13,MixedDorm,0.0,0.0,0.0,0.0,0.0,0,2025-11-13,2025-11-13,0
2025-11-14,MaleDorm,0.0,0.0,0.0,0.0,0.0,0,2025-11-14,2025-11-14,0
2025-11-14,FemaleDorm,0.0,0.0,0.0,0.0,0.0,0,2025-11-14,2025-11-14,0
2025-11-14,MixedDorm,0.0,0.0,0.0,0.0,0.0,0,2025-11-14,2025-11-14,0
2025-11-15,MaleDorm,0.0,0.0,0.0,0.0,0.0,0,2025-11-15,2025-11-15,0
2025-11-15,FemaleDorm,0.0,0.0,0.0,0.0,0.0,0,2025-11-15,2025-11-15,0
2025-11-15,MixedDorm,0.0,0.0,0.0,0.0,0.0,0,2025-11-15,2025-11-15,0
2025-11-16,MaleDorm,0.0,0.0,0.0,0.0,0.0,0,2025-11-16,2025-11-16,0
2025-11-16,FemaleDorm,0.0,0.0,0.0,0.0,0.0,0,2025-11-16,2025-11-16,0
2025-11-16,MixedDorm,0.0,0.0,0.0,0.0,0.0,0,2025-11-16,2025-11-16,0
2025-11-17,MaleDorm,0.0,0.0,0.0,0.0,0.0,0,2025-11-17,2025-11-17,0
2025-11-17,FemaleDorm,0.0,0.0,0.0,0.0,0.0,0,2025-11-17,2025-11-17,0
2025-11-17,MixedDorm,0.0,0.0,0.0,0.0,0.0,0,2025-11-17,2025-11-17,0
2025-11-18,MaleDorm,0.0,0.0,0.0,0.0,0.0,0,2025-11-18,2025-11-18,0
2025-11-18,FemaleDorm,0.0,0.0,0.0,0.0,0.0,0,2025-11-18,2025-11-18,0
2025-11-18,MixedDorm,0.0,0.0,0.0,0.0,0.0,0,2025-11-18,2025-11-18,0
2025-11-19,MaleDorm,0.0,0.0,0.0,0.0,0.0,0,2025-11-19,2025-11-19,0
2025-11-19,FemaleDorm,0.0,0.0,0.0,0.0,0.0,0,2025-11-19,2025-11-19,0
2025-11-19,MixedDorm,0.0,0.0,0.0,0.0,0.0,0,2025-11-19,2025-11-19,0
2025-11-20,MaleDorm,0.0,0.0,0.0,0.0,0.0,0,2025-11-20,2025-11-20,0
2025-11-20,FemaleDorm,0.0,0.0,0.0,0.0,0.0,0,2025-11-20,2025-11-20,0
2025-11-20,MixedDorm,0.0,0.0,0.0,0.0,0.0,0,2025-11-20,2025-11-20,0
2025-11-21,MaleDorm,0.0,0.0,0.0,0.0,0.0,0,2025-11-21,2025-11-21,0
2025-11-21,FemaleDorm,0.0,0.0,0.0,0.0,0.0,0,2025-11-21,2025-11-21,0
2025-11-21,MixedDorm,0.0,0.0,0.0,0.0,0.0,0,2025-11-21,2025-11-21,0
2025-11-22,MaleDorm,0.0,0.0,0.0,0.0,0.0,0,2025-11-22,2025-11-22,0
2025-11-22,FemaleDorm,0.0,0.0,0.0,0.0,0.0,0,2025-11-22,2025-11-22,0
2025-11-22,MixedDorm,0.0,0.0,0.0,0.0,0.0,0,2025-11-22,2025-11-22,0
2025-11-23,MaleDorm,0.0,0.0,0.0,0.0,0.0,0,2025-11-23,2025-11-23,0
2025-11-23,FemaleDorm,0.0,0.0,0.0,0.0,0.0,0,2025-11-23,2025-11-23,0
2025-11-23,MixedDorm,0.0,0.0,0.0,0.0,0.0,0,2025-11-23,2025-11-23,0
2025-11-24,MaleDorm,0.0,0.0,0.0,0.0,0.0,0,2025-11-24,2025-11-24,0
2025-11-24,FemaleDorm,0.0,0.0,0.0,0.0,0.0,0,2025-11-24,2025-11-24,0
2025-11-24,MixedDorm,0.0,0.0,0.0,0.0,0.0,0,2025-11-24,2025-11-24,0
2025-11-25,MaleDorm,0.0,0.0,0.0,0.0,0.0,0,2025-11-25,2025-11-25,0
2025-11-25,FemaleDorm,0.0,0.0,0.0,0.0,0.0,0,2025-11-25,2025-11-25,0
2025-11-25,MixedDorm,0.0,0.0,0.0,0.0,0.0,0,2025-11-25,2025-11-25,0
2025-11-26,MaleDorm,0.0,0.0,0.0,0.0,0.0,0,2025-11-26,2025-11-26,0
2025-11-26,FemaleDorm,0.0,0.0,0.0,0.0,0.0,0,2025-11-26,2025-11-26,0
2025-11-26,MixedDorm,0.0,0.0,0.0,0.0,0.0,0,2025-11-26,2025-11-26,0
2025-11-27,MaleDorm,0.0,0.0,0.0,0.0,0.0,0,2025-11-27,2025-11-27,0
2025-11-27,FemaleDorm,0.0,0.0,0.0,0.0,0.0,0,2025-11-27,2025-11-27,0
2025-11-27,MixedDorm,0.0,0.0,0.0,0.0,0.0,0,2025-11-27,2025-11-27,0
2025-11-28,MaleDorm,0.0,0.0,0.0,0.0,0.0,0,2025-11-28,2025-11-28,0
2025-11-28,FemaleDorm,0.0,0.0,0.0,0.0,0.0,0,2025-11-28,2025-11-28,0
2025-11-28,MixedDorm,0.0,0.0,0.0,0.0,0.0,0,2025-11-28,2025-11-28,0
2025-11-29,MaleDorm,0.0,0.0,0.0,0.0,0.0,0,2025-11-29,2025-11-29,0
2025-11-29,FemaleDorm,0.0,0.0,0.0,0.0,0.0,0,2025-11-29,2025-11-29,0
2025-11-29,MixedDorm,0.0,0.0,0.0,0.0,0.0,0,2025-11-29,2025-11-29,0
2025-11-30,MaleDorm,0.0,0.0,0.0,0.0,0.0,0,2025-11-30,2025-11-30,0
2025-11-30,FemaleDorm,0.0,0.0,0.0,0.0,0.0,0,2025-11-30,2025-11-30,0
2025-11-30,MixedDorm,0.0,0.0,0.0,0.0,0.0,0,2025-11-30,2025-11-30,0
2025-12-01,MaleDorm,0.0,0.0,0.0,0.0,0.0,0,2025-12-01,2025-12-01,0
2025-12-01,FemaleDorm,0.0,0.0,0.0,0.0,0.0,0,2025-12-01,2025-12-01,0
2025-12-01,MixedDorm,0.0,0.0,0.0,0.0,0.0,0,2025-12-01,2025-12-01,0
2025-12-02,MaleDorm,0.0,0.0,0.0,0.0,0.0,0,2025-12-02,2025-12-02,0
2025-12-02,FemaleDorm,0.0,0.0,0.0,0.0,0.0,0,2025-12-02,2025-12-02,0
2025-12-02,MixedDorm,0.0,0.0,0.0,0.0,0.0,0,2025-12-02,2025-12-02,0
2025-12-03,MaleDorm,0.0,0.0,0.0,0.0,0.0,0,2025-12-03,2025-12-03,0
2025-12-03,FemaleDorm,0.0,0.0,0.0,0.0,0.0,0,2025-12-03,2025-12-03,0
2025-12-03,MixedDorm,0.0,0.0,0.0,0.0,0.0,0,2025-12-03,2025-12-03,0
2025-12-04,MaleDorm,0.0,0.0,0.0,0.0,0.0,0,2025-12-04,2025-12-04,0
2025-12-04,FemaleDorm,0.0,0.0,0.0,0.0,0.0,0,2025-12-04,2025-12-04,0
2025-12-04,MixedDorm,0.0,0.0,0.0,0.0,0.0,0,2025-12-04,2025-12-04,0
2025-12-05,MaleDorm,0.0,0.0,0.0,0.0,0.0,0,2025-12-05,2025-12-05,0
2025-12-05,FemaleDorm,0.0,0.0,0.0,0.0,0.0,0,2025-12-05,2025-12-05,0
2025-12-05,MixedDorm,0.0,0.0,0.0,0.0,0.0,0,2025-12-05,2025-12-05,0
2025-12-06,MaleDorm,0.0,0.0,0.0,0.0,0.0,0,2025-12-06,2025-12-06,0
2025-12-06,FemaleDorm,0.0,0.0,0.0,0.0,0.0,0,2025-12-06,2025-12-06,0
2025-12-06,MixedDorm,0.0,0.0,0.0,0.0,0.0,0,2025-12-06,2025-12-06,0
2025-12-07,MaleDorm,0.0,0.0,0.0,0.0,0.0,0,2025-12-07,2025-12-07,0
2025-12-07,FemaleDorm,0.0,0.0,0.0,0.0,0.0,0,2025-12-07,2025-12-07,0
2025-12-07,MixedDorm,0.0,0.0,0.0,0.0,0.0,0,2025-12-07,2025-12-07,0
2025-12-08,MaleDorm,0.0,0.0,0.0,0.0,0.0,0,2025-12-08,2025-12-08,0
2025-12-08,FemaleDorm,0.0,0.0,0.0,0.0,0.0,0,2025-12-08,2025-12-08,0
2025-12-08,MixedDorm,0.0,0.0,0.0,0.0,0.0,0,2025-12-08,2025-12-08,0
2025-12-09,MaleDorm,0.0,0.0,0.0,0.0,0.0,0,2025-12-09,2025-12-09,0
2025-12-09,FemaleDorm,0.0,0.0,0.0,0.0,0.0,0,2025-12-09,2025-12-09,0
2025-12-09,MixedDorm,0.0,0.0,0.0,0.0,0.0,0,2025-12-09,2025-12-09,0
2025-12-10,MaleDorm,0.0,0.0,0.0,0.0,0.0,0,2025-12-10,2025-12-10,0
2025-12-10,FemaleDorm,0.0,0.0,0.0,0.0,0.0,0,2025-12-10,2025-12-10,0
2025-12-10,MixedDorm,0.0,0.0,0.0,0.0,0.0,0,2025-12-10,2025-12-10,0
2025-12-11,MaleDorm,0.0,0.0,0.0,0.0,0.0,0,2025-12-11,2025-12-11,0
2025-12-11,FemaleDorm,0.0,0.0,0.0,0.0,0.0,0,2025-12-11,2025-12-11,0
2025-12-11,MixedDorm,0.0,0.0,0.0,0.0,0.0,0,2025-12-11,2025-12-11,0
2025-12-12,MaleDorm,0.0,0.0,0.0,0.0,0.0,0,2025-12-12,2025-12-12,0
2025-12-12,FemaleDorm,0.0,0.0,0.0,0.0,0.0,0,2025-12-12,2025-12-12,0
2025-12-12,MixedDorm,0.0,0.0,0.0,0.0,0.0,0,2025-12-12,2025-12-12,0
2025-12-13,MaleDorm,0.0,0.0,0.0,0.0,0.0,0,2025-12-13,2025-12-13,0
2025-12-13,FemaleDorm,0.0,0.0,0.0,0.0,0.0,0,2025-12-13,2025-12-13,0
2025-12-13,MixedDorm,0.0,0.0,0.0,0.0,0.0,0,2025-12-13,2025-12-13,0
2025-12-14,MaleDorm,0.0,0.0,0.0,0.0,0.0,0,2025-12-14,2025-12-14,0
2025-12-14,FemaleDorm,0.0,0.0,0.0,0.0,0.0,0,2025-12-14,2025-12-14,0
2025-12-14,MixedDorm,0.0,0.0,0.0,0.0,0.0,0,2025-12-14,2025-12-14,0
2025-12-15,MaleDorm,0.0,0.0,0.0,0.0,0.0,0,2025-12-15,2025-12-15,0
2025-12-15,FemaleDorm,0.0,0.0,0.0,0.0,0.0,0,2025-12-15,2025-12-15,0
2025-12-15,MixedDorm,0.0,0.0,0.0,0.0,0.0,0,2025-12-15,2025-12-15,0
2025-12-16,MaleDorm,0.0,0.0,0.0,0.0,0.0,0,2025-12-16,2025-12-16,0
2025-12-16,FemaleDorm,0.0,0.0,0.0,0.0,0.0,0,2025-12-16,2025-12-16,0
2025-12-16,MixedDorm,0.0,0.0,0.0,0.0,0.0,0,2025-12-16,2025-12-16,0
2025-12-17,MaleDorm,0.0,0.0,0.0,0.0,0.0,0,2025-12-17,2025-12-17,0
2025-12-17,FemaleDorm,0.0,0.0,0.0,0.0,0.0,0,2025-12-17,2025-12-17,0
2025-12-17,MixedDorm,0.0,0.0,0.0,0.0,0.0,0,2025-12-17,2025-12-17,0
2025-12-18,MaleDorm,0.0,0.0,0.0,0.0,0.0,0,2025-12-18,2025-12-18,0
2025-12-18,FemaleDorm,0.0,0.0,0.0,0.0,0.0,0,2025-12-18,2025-12-18,0
2025-12-18,MixedDorm,0.0,0.0,0.0,0.0,0.0,0,2025-12-18,2025-12-18,0
2025-12-19,MaleDorm,0.0,0.0,0.0,0.0,0.0,0,2025-12-19,2025-12-19,0
2025-12-19,FemaleDorm,0.0,0.0,0.0,0.0,0.0,0,2025-12-19,2025-12-19,0
2025-12-19,MixedDorm,0.0,0.0,0.0,0.0,0.0,0,2025-12-19,2025-12-19,0
2025-12-20,MaleDorm,0.0,0.0,0.0,0.0,0.0,0,2025-12-20,2025-12-20,0
2025-12-20,FemaleDorm,0.0,0.0,0.0,0.0,0.0,0,2025-12-20,2025-12-20,0
2025-12-20,MixedDorm,0.0,0.0,0.0,0.0,0.0,0,2025-12-20,2025-12-20,0
2025-12-21,MaleDorm,0.0,0.0,0.0,0.0,0.0,0,2025-12-21,2025-12-21,0
2025-12-21,FemaleDorm,0.0,0.0,0.0,0.0,0.0,0,2025-12-21,2025-12-21,0
2025-12-21,MixedDorm,0.0,0.0,0.0,0.0,0.0,0,2025-12-21,2025-12-21,0
2025-12-22,MaleDorm,0.0,0.0,0.0,0.0,0.0,0,2025-12-22,2025-12-22,0
2025-12-22,FemaleDorm,0.0,0.0,0.0,0.0,0.0,0,2025-12-22,2025-12-22,0
2025-12-22,MixedDorm,0.0,0.0,0.0,0.0,0.0,0,2025-12-22,2025-12-22,0
2025-12-23,MaleDorm,0.0,0.0,0.0,0.0,0.0,0,2025-12-23,2025-12-23,0
2025-12-23,FemaleDorm,0.0,0.0,0.0,0.0,0.0,0,2025-12-23,2025-12-23,0
2025-12-23,MixedDorm,0.0,0.0,0.0,0.0,0.0,0,2025-12-23,2025-12-23,0
2025-12-24,MaleDorm,0.0,0.0,0.0,0.0,0.0,0,2025-12-24,2025-12-24,0
2025-12-24,FemaleDorm,0.0,0.0,0.0,0.0,0.0,0,2025-12-24,2025-12-24,0
2025-12-24,MixedDorm,0.0,0.0,0.0,0.0,0.0,0,2025-12-24,2025-12-24,0
2025-12-25,MaleDorm,0.0,0.0,0.0,0.0,0.0,0,2025-12-25,2025-12-25,0
2025-12-25,FemaleDorm,0.0,0.0,0.0,0.0,0.0,0,2025-12-25,2025-12-25,0
2025-12-25,MixedDorm,0.0,0.0,0.0,0.0,0.0,0,2025-12-25,2025-12-25,0
2025-12-26,MaleDorm,0.0,0.0,0.0,0.0,0.0,0,2025-12-26,2025-12-26,0
2025-12-26,FemaleDorm,0.0,0.0,0.0,0.0,0.0,0,2025-12-26,2025-12-26,0
2025-12-26,MixedDorm,0.0,0.0,0.0,0.0,0.0,0,2025-12-26,2025-12-26,0
2025-12-27,MaleDorm,0.0,0.0,0.0,0.0,0.0,0,2025-12-27,2025-12-27,0
2025-12-27,FemaleDorm,0.0,0.0,0.0,0.0,0.0,0,2025-12-27,2025-12-27,0
2025-12-27,MixedDorm,0.0,0.0,0.0,0.0,0.0,0,2025-12-27,2025-12-27,0
2025-12-28,MaleDorm,0.0,0.0,0.0,0.0,0.0,0,2025-12-28,2025-12-28,0
2025-12-28,FemaleDorm,0.0,1.0,0.0,0.0,0.0,0,2025-12-28,2025-12-28,0
2025-12-28,MixedDorm,0.0,0.0,0.0,0.0,0.0,0,2025-12-28,2025-12-28,0
2025-12-29,MaleDorm,0.0,0.0,0.0,0.0,0.0,0,2025-12-29,2025-12-29,0
2025-12-29,FemaleDorm,0.0,1.0,0.0,0.0,0.0,0,2025-12-29,2025-12-29,0
2025-12-29,MixedDorm,0.0,0.0,0.0,0.0,0.0,0,2025-12-29,2025-12-29,0
2025-12-30,MaleDorm,0.0,0.0,0.0,0.0,0.0,0,2025-12-30,2025-12-30,0
2025-12-30,FemaleDorm,0.0,1.0,0.0,0.0,0.0,0,2025-12-30,2025-12-30,0
2025-12-30,MixedDorm,0.0,0.0,0.0,0.0,0.0,0,2025-12-30,2025-12-30,0
2025-12-31,MaleDorm,0.0,0.0,0.0,0.0,0.0,0,2025-12-31,2025-12-31,0
2025-12-31,FemaleDorm,0.0,0.0,0.0,0.0,0.0,0,2025-12-31,2025-12-31,0
2025-12-31,MixedDorm,0.0,0.0,0.0,0.0,0.0,0,2025-12-31,2025-12-31,0
